[
    {
        "name": "ADD_OGRADIUS_USER",
        "title": "Add OGradius User",
        "description": "Insert the User for a OGRadius subscription",
        "applicableTo": [
            "GATEWAY",
            "SUBSCRIPTION"
        ],
        "parameters": "{\"type\":\"object\",\"properties\":{\"username\":{\"type\":\"string\",\"title\":\"Username\"},\"password\":{\"type\":\"string\",\"title\":\"Password\"},\"callingStationId\":{\"type\":\"string\",\"title\":\"Calling Station Id\"},\"framedIpAddress\":{\"type\":\"string\",\"title\":\"Framed Ip Address\"},\"framedIpNetmask\":{\"type\":\"string\",\"title\":\"Framed Ip Netmask\"},\"apn\":{\"type\":\"string\",\"title\":\"APN\"}},\"required\":[\"username\",\"password\",\"callingStationId\",\"framedIpAddress\",\"framedIpNetmask\",\"apn\"],\"additionalProperties\":false}",
        "steps": null,
        "models": []
    },
    {
        "name": "ADMINISTRATIVE_STATUS_CHANGE",
        "title": "Administrative status change",
        "description": "Allows to change the administrative status of an entity",
        "applicableTo": [
            "GATEWAY",
            "ASSET",
            "SUBSCRIPTION",
            "SUBSCRIBER"
        ],
        "parameters": "{\"type\":\"object\",\"properties\":{\"admsts\":{\"type\":\"string\",\"title\": \"Administrative status\",\"enum\":[\"ACTIVE\",\"BANNED\",\"DELETED\",\"INVALID\",\"READY\",\"REPAIR\",\"REQUESTED\",\"RETIRED\",\"SUSPENDED\",\"TESTED\",\"TESTING\",\"UNKNOWN\"]}},\"required\":[\"admsts\"],\"additionalProperties\":false}",
        "steps": [
            {
                "name": "\"ADMINISTRATIVE_STATUS_CHANGE\"",
                "title": "\"Administrative Status Change\"",
                "description": "\"\"",
                "response": null
            }
        ],
        "models": []
    },
    {
        "name": "APN_ALLOWED",
        "title": "APN allowed",
        "description": null,
        "applicableTo": [
            "SUBSCRIPTION"
        ],
        "parameters": "{\"type\":\"object\",\"properties\":{\"apn\":{\"type\":\"string\",\"title\":\"APN\"}},\"required\":[\"apn\"],\"additionalProperties\":false}",
        "steps": null,
        "models": []
    },
    {
        "name": "CONFIGURE_CONSOLE_PARAMETERS",
        "title": "Configure Console Parameters",
        "description": "Configure the Console Parameters",
        "applicableTo": [
            "GATEWAY"
        ],
        "parameters": "{\"type\":\"object\",\"properties\":{\"provision.batteryAlarmEnabled\":{\"type\":\"boolean\"},\"provision.batteryAlarmThreshold\":{\"type\":\"number\"},\"provision.batteryAlarmVerificationTimeout\":{\"type\":\"integer\"},\"provision.commandTimeout\":{\"type\":\"integer\"}},\"additionalProperties\":false}",
        "steps": [
            {
                "name": "\"SET_DEVICE_PARAMETERS\"",
                "title": "\"Get Result\"",
                "description": "\"\"",
                "response": [
                    {
                        "name": "variableList",
                        "title": "Variable List",
                        "description": "List of values of the variables",
                        "type": "array",
                        "subtype": "object",
                        "properties": [
                            {
                                "name": "variableName",
                                "title": "type",
                                "description": "name of the variable",
                                "type": "string"
                            },
                            {
                                "name": "variableValue",
                                "title": "type",
                                "description": "value of the variable",
                                "type": "parameter"
                            },
                            {
                                "name": "resultCode",
                                "title": "Result Code",
                                "description": "Result code of Set Operation",
                                "type": "enumeration",
                                "subtype": "string",
                                "attributes": {
                                    "list": [
                                        "SUCCESS",
                                        "PARAM_NOT_SUPPORTED",
                                        "INVALID_FORMAT",
                                        "WRONG_VALUE",
                                        "UNKNOWN"
                                    ]
                                }
                            },
                            {
                                "name": "resultDescription",
                                "title": "Result Description",
                                "description": "Result description of Set Operation",
                                "type": "string"
                            }
                        ]
                    }
                ]
            }
        ],
        "models": []
    },
    {
        "name": "CONFIGURE_SECTIONALIZER_PARAMETERS",
        "title": "Configure Sectionalizer Parameters",
        "description": "Configure the Sectionalizer Parameters",
        "applicableTo": [
            "GATEWAY"
        ],
        "parameters": "{\"type\":\"object\",\"properties\":{\"provision.group\":{\"type\":\"integer\"},\"provision.phase\":{\"type\":\"string\"},\"provision.pass\":{\"type\":\"string\"},\"provision.faults\":{\"type\":\"integer\"},\"provision.faultCurrent\":{\"type\":\"integer\"},\"provision.faultVerificationTimeout\":{\"type\":\"integer\"},\"provision.firingDelay\":{\"type\":\"integer\"},\"provision.frequency\":{\"type\":\"integer\"},\"provision.currentThreshold\":{\"type\":\"integer\"}},\"additionalProperties\":false}",
        "steps": [
            {
                "name": "\"SET_DEVICE_PARAMETERS\"",
                "title": "\"Get Result\"",
                "description": "\"\"",
                "response": [
                    {
                        "name": "variableList",
                        "title": "Variable List",
                        "description": "List of values of the variables",
                        "type": "array",
                        "subtype": "object",
                        "properties": [
                            {
                                "name": "variableName",
                                "title": "type",
                                "description": "name of the variable",
                                "type": "string"
                            },
                            {
                                "name": "variableValue",
                                "title": "type",
                                "description": "value of the variable",
                                "type": "parameter"
                            },
                            {
                                "name": "resultCode",
                                "title": "Result Code",
                                "description": "Result code of Set Operation",
                                "type": "enumeration",
                                "subtype": "string",
                                "attributes": {
                                    "list": [
                                        "SUCCESS",
                                        "PARAM_NOT_SUPPORTED",
                                        "INVALID_FORMAT",
                                        "WRONG_VALUE",
                                        "UNKNOWN"
                                    ]
                                }
                            },
                            {
                                "name": "resultDescription",
                                "title": "Result Description",
                                "description": "Result description of Set Operation",
                                "type": "string"
                            }
                        ]
                    }
                ]
            }
        ],
        "models": []
    },
    {
        "name": "CONFIGURE_SECTIONALIZERS",
        "title": "Configure Sectionalizers",
        "description": "Configure a list of Sectionalizers",
        "applicableTo": [
            "GATEWAY"
        ],
        "parameters": "{\"type\":\"object\",\"properties\":{\"sectionalizers\":{\"type\":\"array\",\"title\":\"Sectionalizers\",\"items\":[{\"type\":\"object\",\"properties\":{\"sectionalizerId\":{\"type\":\"string\",\"title\":\"Sectionalizer Identifier\",\"description\":\"Id of the parameter\"},\"group\":{\"type\":\"integer\",\"title\":\"Group\",\"description\":\"Group of the Sectionalizer\"},\"phase\":{\"type\":\"string\",\"title\":\"Phase\",\"description\":\"Phase of the Sectionalizer\"},\"password\":{\"type\":\"string\",\"title\":\"Password\",\"description\":\"Password for accessing the Sectionalizer\"}},\"required\":[\"sectionalizerId\",\"group\",\"phase\",\"password\"],\"additionalProperties\":false}]}},\"required\":[\"sectionalizers\"],\"additionalProperties\":false}",
        "steps": [
            {
                "name": "\"SECTIONALIZER_CONFIGURATION\"",
                "title": "\"Sectionalizer configuration\"",
                "description": "\"\"",
                "response": null
            }
        ],
        "models": []
    },
    {
        "name": "DOWNLINK_SIGFOX",
        "title": "Sigfox Downlink",
        "description": "Downlink for a sigfox device",
        "applicableTo": [
            "GATEWAY",
            "COMMUNICATIONS_MODULE"
        ],
        "parameters": "{\"type\":\"object\",\"properties\":{\"data\":{\"type\":\"string\",\"title\":\"Data\"}},\"required\":[\"data\"],\"additionalProperties\":false}",
        "steps": null,
        "models": []
    },
    {
        "name": "EQUIPMENT_DIAGNOSTIC",
        "title": "Equipment Autodiagnostic",
        "description": "Equipment auodiagnostic",
        "applicableTo": [
            "GATEWAY",
            "ASSET"
        ],
        "parameters": "{\"type\":\"object\",\"properties\":{\"type\":{\"type\":\"string\",\"title\": \"Type\",\"enum\":[\"HARDWARE\",\"SOFTWARE\",\"DEVICE\"]}},\"additionalProperties\":false}",
        "steps": [
            {
                "name": "\"EQUIPMENT_DIAGNOSTIC\"",
                "title": "\"Autodiagnostic Action\"",
                "description": "\"\"",
                "response": null
            }
        ],
        "models": []
    },
    {
        "name": "FACTORY_RESET",
        "title": "Factory Reset",
        "description": "Remote factory reset",
        "applicableTo": [
            "GATEWAY",
            "ASSET"
        ],
        "parameters": null,
        "steps": [
            {
                "name": "\"FACTORY_RESET\"",
                "title": "\"Factory Reset Action\"",
                "description": "\"\"",
                "response": null
            }
        ],
        "models": []
    },
    {
        "name": "FIELD_ACTIVATION",
        "title": "Field Activation",
        "description": "FIELD ACTIVATION",
        "applicableTo": [
            "GATEWAY"
        ],
        "parameters": "{\"type\":\"object\",\"properties\":{\"communicationsType\":{\"type\":\"string\",\"title\":\"Communications Type\",\"enum\":[\"GSM\",\"GPRS\"]}},\"additionalProperties\":false}",
        "steps": [
            {
                "name": "\"PROVISION\"",
                "title": "\"Provision\"",
                "description": "\"\"",
                "response": null
            },
            {
                "name": "\"CSI_ACTIVATION\"",
                "title": "\"CSI Activation\"",
                "description": "\"\"",
                "response": null
            },
            {
                "name": "\"GET_CSI_IP\"",
                "title": "\"Get CSI Ip\"",
                "description": "\"\"",
                "response": null
            },
            {
                "name": "\"RADIUS_ACTIVATION\"",
                "title": "\"Radius Activation\"",
                "description": "\"\"",
                "response": null
            },
            {
                "name": "\"PRESENCE\"",
                "title": "\"Presence\"",
                "description": "\"\"",
                "response": null
            },
            {
                "name": "\"CONCENTRATOR\"",
                "title": "\"Concentrator\"",
                "description": "\"\"",
                "response": null
            },
            {
                "name": "\"CONFIGURATION\"",
                "title": "\"Configuration\"",
                "description": "\"\"",
                "response": null
            },
            {
                "name": "\"REGISTER\"",
                "title": "\"Register\"",
                "description": "\"\"",
                "response": null
            },
            {
                "name": "\"COMMUNICATIONS\"",
                "title": "\"Communications\"",
                "description": "\"\"",
                "response": null
            },
            {
                "name": "\"GENERATE_BILLING_CODE\"",
                "title": "\"Generate Billing Code\"",
                "description": "\"\"",
                "response": null
            }
        ],
        "models": []
    },
    {
        "name": "FIELD_DEACTIVATION",
        "title": "Field Deactivation",
        "description": "FIELD DEACTIVATION",
        "applicableTo": [
            "GATEWAY"
        ],
        "parameters": null,
        "steps": [
            {
                "name": "\"PROVISION\"",
                "title": "\"Provision\"",
                "description": "\"\"",
                "response": null
            },
            {
                "name": "\"PRESENCE\"",
                "title": "\"Presence\"",
                "description": "\"\"",
                "response": null
            },
            {
                "name": "\"CSI_DEACTIVATION\"",
                "title": "\"CSI Deactivation\"",
                "description": "\"\"",
                "response": null
            },
            {
                "name": "\"GENERATE_BILLING_CODE\"",
                "title": "\"Generate Billing Code\"",
                "description": "\"\"",
                "response": null
            }
        ],
        "models": []
    },
    {
        "name": "GENERATE_BILLING_CODE",
        "title": "Generate Billing Code",
        "description": "Generate a billing code positive if codeType is P or negative if codeType is N",
        "applicableTo": [
            "GATEWAY"
        ],
        "parameters": "{\"type\":\"object\",\"properties\":{\"codeType\":{\"type\":\"string\",\"title\":\"Code Type\",\"description\":\"P for positive or N for negative\"}},\"required\":[\"codeType\"],\"additionalProperties\":false}",
        "steps": [
            {
                "name": "\"GENERATE_BILLING_CODE\"",
                "title": "\"Generate Billing Code\"",
                "description": "\"Generate a billing code positive if codeType is P or negative if codeType is N\"",
                "response": null
            }
        ],
        "models": []
    },
    {
        "name": "GET_CSI_IP",
        "title": "Get CSI IP",
        "description": "Obtain the IP given for a LVC in CSI",
        "applicableTo": [
            "GATEWAY"
        ],
        "parameters": null,
        "steps": [
            {
                "name": "\"GET_CSI_IP\"",
                "title": "\"Get CSI IP\"",
                "description": "\"Obtain the IP given for a LVC in CSI\"",
                "response": null
            }
        ],
        "models": []
    },
    {
        "name": "GET_DEVICE_PARAMETERS",
        "title": "Device GET VARIABLES",
        "description": "Allows obtain values of a list of variables",
        "applicableTo": [
            "GATEWAY",
            "ASSET"
        ],
        "parameters": "{\"type\":\"object\",\"properties\":{\"variableList\":{\"type\":\"array\",\"items\":[{\"type\":\"string\",\"title\":\"Id\",\"description\":\"Id of the parameter\"}]}},\"required\":[\"variableList\"],\"additionalProperties\":false}",
        "steps": [
            {
                "name": "\"GET_DEVICE_PARAMETERS\"",
                "title": "\"Get Result\"",
                "description": "\"\"",
                "response": [
                    {
                        "name": "variableList",
                        "title": "Variable List",
                        "description": "List of values of the variables",
                        "type": "array",
                        "subtype": "object",
                        "properties": [
                            {
                                "name": "variableName",
                                "title": "type",
                                "description": "name of the variable",
                                "type": "string"
                            },
                            {
                                "name": "variableValue",
                                "title": "type",
                                "description": "value of the variable",
                                "type": "parameter"
                            },
                            {
                                "name": "resultCode",
                                "title": "Result Code",
                                "description": "Result code of Get Operation",
                                "type": "enumeration",
                                "subtype": "string",
                                "attributes": {
                                    "list": [
                                        "SUCCESS",
                                        "PARAM_NOT_SUPPORTED",
                                        "UNKNOWN"
                                    ]
                                }
                            },
                            {
                                "name": "resultDescription",
                                "title": "Result Description",
                                "description": "Result description of Get Operation",
                                "type": "string"
                            }
                        ]
                    }
                ]
            }
        ],
        "models": []
    },
    {
        "name": "GET_OGRADIUS_USER",
        "title": "Get OGRadius User",
        "description": "Get the User for a OGRadius subscription",
        "applicableTo": [
            "GATEWAY",
            "SUBSCRIPTION"
        ],
        "parameters": "{\"type\":\"object\",\"properties\":{\"username\":{\"type\":\"string\",\"title\":\"Username\"},\"password\":{\"type\":\"string\",\"title\":\"Password\"},\"callingStationId\":{\"type\":\"string\",\"title\":\"Calling Station Id\"},\"framedIpAddress\":{\"type\":\"string\",\"title\":\"Framed Ip Address\"},\"framedIpNetmask\":{\"type\":\"string\",\"title\":\"Framed Ip Netmask\"},\"apn\":{\"type\":\"string\",\"title\":\"APN\"}},\"required\":[\"username\",\"password\",\"callingStationId\",\"framedIpAddress\",\"framedIpNetmask\",\"apn\"],\"additionalProperties\":false}",
        "steps": null,
        "models": []
    },
    {
        "name": "IoTAdeunis_set_parameters",
        "title": "Set IoTAdeunis parameter",
        "description": "Set IoTAdeunis parameter",
        "applicableTo": [],
        "parameters": "{\"type\":\"object\",\"properties\":{\"keepAlivePeriod\":{\"type\":\"number\",\"title\":\"Keep Alive Period\"},\"transmisionPeriod\":{\"type\":\"number\",\"title\":\"Transmision Period\"},\"readingPeriod\":{\"type\":\"number\",\"title\":\"Reading Period\"},\"backupPeriod\":{\"type\":\"number\",\"title\":\"Backup Period\"}},\"additionalProperties\":false}",
        "steps": [
            {
                "name": "\"SET_DEVICE_PARAMETERS\"",
                "title": "\"Get Result\"",
                "description": "\"\"",
                "response": [
                    {
                        "name": "variableList",
                        "title": "Variable List",
                        "description": "List of values of the variables",
                        "type": "array",
                        "subtype": "object",
                        "properties": [
                            {
                                "name": "variableName",
                                "title": "type",
                                "description": "name of the variable",
                                "type": "string"
                            },
                            {
                                "name": "variableValue",
                                "title": "type",
                                "description": "value of the variable",
                                "type": "parameter"
                            },
                            {
                                "name": "resultCode",
                                "title": "Result Code",
                                "description": "Result code of Set Operation",
                                "type": "enumeration",
                                "subtype": "string",
                                "attributes": {
                                    "list": [
                                        "SUCCESS",
                                        "PARAM_NOT_SUPPORTED",
                                        "INVALID_FORMAT",
                                        "WRONG_VALUE",
                                        "UNKNOWN"
                                    ]
                                }
                            },
                            {
                                "name": "resultDescription",
                                "title": "Result Description",
                                "description": "Result description of Set Operation",
                                "type": "string"
                            }
                        ]
                    }
                ]
            }
        ],
        "models": []
    },
    {
        "name": "IoTAtimTM_set_parameters",
        "title": "Set IoTAtimTM parameters",
        "description": "Set IoTAtimTM parameters",
        "applicableTo": [],
        "parameters": "{\"type\":\"object\",\"properties\":{\"confHighTemperature\":{\"type\":\"number\",\"title\":\"Config High Temperature\"},\"confLowTemperature\":{\"type\":\"number\",\"title\":\"Config Low Temperature\"}},\"additionalProperties\":false}",
        "steps": [
            {
                "name": "\"SET_DEVICE_PARAMETERS\"",
                "title": "\"Get Result\"",
                "description": "\"\"",
                "response": [
                    {
                        "name": "variableList",
                        "title": "Variable List",
                        "description": "List of values of the variables",
                        "type": "array",
                        "subtype": "object",
                        "properties": [
                            {
                                "name": "variableName",
                                "title": "type",
                                "description": "name of the variable",
                                "type": "string"
                            },
                            {
                                "name": "variableValue",
                                "title": "type",
                                "description": "value of the variable",
                                "type": "parameter"
                            },
                            {
                                "name": "resultCode",
                                "title": "Result Code",
                                "description": "Result code of Set Operation",
                                "type": "enumeration",
                                "subtype": "string",
                                "attributes": {
                                    "list": [
                                        "SUCCESS",
                                        "PARAM_NOT_SUPPORTED",
                                        "INVALID_FORMAT",
                                        "WRONG_VALUE",
                                        "UNKNOWN"
                                    ]
                                }
                            },
                            {
                                "name": "resultDescription",
                                "title": "Result Description",
                                "description": "Result description of Set Operation",
                                "type": "string"
                            }
                        ]
                    }
                ]
            }
        ],
        "models": []
    },
    {
        "name": "ISSUE",
        "title": "Issue",
        "description": "Generate an issue",
        "applicableTo": [
            "GATEWAY"
        ],
        "parameters": "{\"type\":\"object\",\"properties\":{\"communicationsType\":{\"type\":\"string\",\"title\":\"Communications Type\",\"enum\":[\"GSM\",\"GPRS\"]}},\"additionalProperties\":false}",
        "steps": [
            {
                "name": "\"PROVISION\"",
                "title": "\"Provision\"",
                "description": "\"\"",
                "response": null
            },
            {
                "name": "\"PRESENCE\"",
                "title": "\"Presence\"",
                "description": "\"\"",
                "response": null
            },
            {
                "name": "\"CONCENTRATOR\"",
                "title": "\"Concentrator\"",
                "description": "\"\"",
                "response": null
            },
            {
                "name": "\"CONFIGURATION\"",
                "title": "\"Configuration\"",
                "description": "\"\"",
                "response": null
            },
            {
                "name": "\"REGISTER\"",
                "title": "\"Register\"",
                "description": "\"\"",
                "response": null
            },
            {
                "name": "\"COMMUNICATIONS\"",
                "title": "\"Communications\"",
                "description": "\"\"",
                "response": null
            },
            {
                "name": "\"GENERATE_BILLING_CODE\"",
                "title": "\"Generate Billing Code\"",
                "description": "\"\"",
                "response": null
            }
        ],
        "models": []
    },
    {
        "name": "POWER_OFF_EQUIPMENT",
        "title": "Power Off Equipment",
        "description": "Powers offs equipment on target entity",
        "applicableTo": [
            "GATEWAY",
            "ASSET"
        ],
        "parameters": null,
        "steps": [
            {
                "name": "\"POWER_OFF_EQUIPMENT\"",
                "title": "\"Power Off\"",
                "description": "\"\"",
                "response": null
            }
        ],
        "models": []
    },
    {
        "name": "POWER_ON_EQUIPMENT",
        "title": "Power On Equipment",
        "description": "Remote turn on",
        "applicableTo": [
            "GATEWAY",
            "ASSET"
        ],
        "parameters": null,
        "steps": [
            {
                "name": "\"POWER_ON_EQUIPMENT\"",
                "title": "\"Power On\"",
                "description": "\"\"",
                "response": null
            }
        ],
        "models": []
    },
    {
        "name": "RATE_PLAN_CHANGE",
        "title": "Rate plan change",
        "description": null,
        "applicableTo": [
            "SUBSCRIPTION"
        ],
        "parameters": "{\"type\":\"object\",\"properties\":{\"ratePlan\":{\"type\":\"string\",\"title\": \"Rate plan\"}},\"additionalProperties\":false}",
        "steps": null,
        "models": []
    },
    {
        "name": "REBOOT_EQUIPMENT",
        "title": "Reboot Equipment",
        "description": "Allows remotely reboot CHs",
        "applicableTo": [
            "GATEWAY",
            "ASSET"
        ],
        "parameters": "{\"type\":\"object\",\"properties\":{\"type\":{\"type\":\"string\",\"title\":\"Reboot Type\",\"enum\":[\"HARDWARE\",\"SOFTWARE\"],\"default\":\"HARDWARE\"}},\"additionalProperties\":false}",
        "steps": [
            {
                "name": "\"REBOOT_EQUIPMENT\"",
                "title": "\"Reboot Action\"",
                "description": "\"\"",
                "response": null
            }
        ],
        "models": []
    },
    {
        "name": "REFRESH_GSM_PRESENCE",
        "title": "Refresh GSM Presence",
        "description": "On demand retrieving the GSM Presence",
        "applicableTo": [
            "GATEWAY",
            "SUBSCRIPTION"
        ],
        "parameters": null,
        "steps": [
            {
                "name": "\"REFRESH_GSM_PRESENCE\"",
                "title": "\"Refresh GSM Presence\"",
                "description": "\"\"",
                "response": null
            }
        ],
        "models": []
    },
    {
        "name": "REFRESH_INFO",
        "title": "Refresh Information",
        "description": "On demand retrieving the Info",
        "applicableTo": [
            "GATEWAY",
            "ASSET",
            "SUBSCRIPTION",
            "SUBSCRIBER"
        ],
        "parameters": null,
        "steps": [
            {
                "name": "\"REFRESH_INFO\"",
                "title": "\"Refresh Information\"",
                "description": "\"\"",
                "response": null
            }
        ],
        "models": []
    },
    {
        "name": "REFRESH_LOCATION",
        "title": "Refresh Location",
        "description": "On demand retrieving the location",
        "applicableTo": [
            "GATEWAY",
            "ASSET"
        ],
        "parameters": null,
        "steps": [
            {
                "name": "\"REFRESH_LOCATION\"",
                "title": "\"Refresh Location\"",
                "description": "\"\"",
                "response": null
            }
        ],
        "models": []
    },
    {
        "name": "REFRESH_PRESENCE",
        "title": "Refresh Presence",
        "description": "On demand retrieving the Presence",
        "applicableTo": [
            "GATEWAY",
            "ASSET",
            "SUBSCRIPTION"
        ],
        "parameters": "{\"type\":\"object\",\"properties\":{\"active\":{\"type\":\"boolean\",\"title\": \"Active\",\"description\": \"Ping only to active subscription\"}},\"additionalProperties\":false}",
        "steps": [
            {
                "name": "\"REFRESH_PRESENCE\"",
                "title": "\"Refresh Presence\"",
                "description": "\"\"",
                "response": null
            }
        ],
        "models": []
    },
    {
        "name": "RESET_COMMUNICATIONS",
        "title": "Reset Communications",
        "description": "reset a  communications channel",
        "applicableTo": [
            "GATEWAY",
            "ASSET"
        ],
        "parameters": "{\"type\":\"object\",\"properties\":{\"profile\":{\"type\":\"string\",\"title\": \"Communications Profile\"}},\"additionalProperties\":false}",
        "steps": [
            {
                "name": "\"RESET_COMMUNICATIONS\"",
                "title": "\"Reset Communications Action\"",
                "description": "\"\"",
                "response": null
            }
        ],
        "models": []
    },
    {
        "name": "SEND_COMMAND",
        "title": "Send command",
        "description": "Send a command to an entity",
        "applicableTo": [
            "GATEWAY",
            "ASSET"
        ],
        "parameters": "{\"type\":\"object\",\"properties\":{\"command\":{\"type\":\"string\",\"title\":\"Command\"}},\"required\":[\"command\"],\"additionalProperties\":false}",
        "steps": null,
        "models": []
    },
    {
        "name": "SERVICE_CONFIGURATION",
        "title": "Service configuration",
        "description": null,
        "applicableTo": [
            "SUBSCRIPTION"
        ],
        "parameters": "{\"type\":\"object\",\"properties\":{\"dataService\":{\"type\":\"boolean\",\"title\": \"Data service\"},\"incomingMessages\":{\"type\":\"boolean\",\"title\": \"Incoming messages\"},\"outgoingMessages\":{\"type\":\"boolean\",\"title\": \"Outgoing messages\"},\"outgoingMessagesMode\":{\"type\":\"string\",\"title\": \"Outgoing messages mode\",\"enum\":[\"BLACK_LIST\",\"WHITE_LIST\"]},\"outgoingMessagesList\":{\"type\":\"string\",\"title\": \"Outgoing messages list\"},\"incomingDataCalls\":{\"type\":\"boolean\",\"title\": \"Incoming data calls\"},\"outgoingDataCalls\":{\"type\":\"boolean\",\"title\": \"Outgoing data calls\"},\"outgoingDataCallsMode\":{\"type\":\"string\",\"title\": \"Outgoing data calls mode\",\"enum\":[\"BLACK_LIST\",\"WHITE_LIST\"]},\"outgoingDataCallsList\":{\"type\":\"string\",\"title\": \"Outgoing data calls list\"},\"incomingVoiceCalls\":{\"type\":\"boolean\",\"title\": \"Incoming voice calls\"},\"outgoingVoiceCalls\":{\"type\":\"boolean\",\"title\": \"Outgoing voice calls\"},\"outgoingVoiceCallsMode\":{\"type\":\"string\",\"title\": \"Outgoing voice calls mode\",\"enum\":[\"BLACK_LIST\",\"WHITE_LIST\"]},\"outgoingVoiceCallsList\":{\"type\":\"string\",\"title\": \"Outgoing voice calls list\"}},\"additionalProperties\":false}",
        "steps": null,
        "models": []
    },
    {
        "name": "SET_CLOCK_EQUIPMENT",
        "title": "Set Device Clock",
        "description": "Allows to set to date the device internal clock",
        "applicableTo": [
            "GATEWAY",
            "ASSET"
        ],
        "parameters": "{\"type\":\"object\",\"properties\":{\"datetime\":{\"type\":\"object\",\"properties\":{\"date\":{\"type\":\"string\",\"title\":\"date\",\"description\":\"date in ISO 8601\",\"pattern\":\"^([0-9]{4})-?(1[0-2]|0[1-9])-?(3[01]|0[1-9]|[12][0-9])$\"},\"time\":{\"type\":\"string\",\"title\":\"time\",\"description\":\"time in ISO 8601\",\"pattern\":\"^(2[0-3]|[01][0-9]):?([0-5][0-9]):?([0-5][0-9])$\"},\"timezone\":{\"type\":\"integer\",\"title\":\"timezone\",\"minimum\":0,\"maximum\":14,\"default\":0},\"dst\":{\"type\":\"integer\",\"title\":\"DST\",\"minimum\":0,\"default\":0}},\"required\":[\"date\",\"time\",\"timezone\",\"dst\"],\"additionalProperties\":false}},\"additionalProperties\":false}",
        "steps": [
            {
                "name": "\"SET_CLOCK_EQUIPMENT\"",
                "title": "\"Set Clock Action\"",
                "description": "\"\"",
                "response": null
            }
        ],
        "models": []
    },
    {
        "name": "SET_DEVICE_PARAMETERS",
        "title": "Device SET PARAMETERS",
        "description": "Allows set values of a list of variables",
        "applicableTo": [
            "GATEWAY",
            "ASSET"
        ],
        "parameters": "{\"type\":\"object\",\"properties\":{\"variableList\":{\"type\":\"array\",\"items\":[{\"type\":\"object\",\"properties\":{\"name\":{\"type\":\"string\",\"title\":\"Id\",\"description\":\"Id of the parameter\"},\"value\":{\"type\":\"string\",\"title\":\"Value\",\"description\":\"Value of the parameter\"}},\"required\":[\"name\",\"value\"]}]}},\"required\":[\"variableList\"],\"additionalProperties\":false}",
        "steps": [
            {
                "name": "\"SET_DEVICE_PARAMETERS\"",
                "title": "\"Get Result\"",
                "description": "\"\"",
                "response": [
                    {
                        "name": "variableList",
                        "title": "Variable List",
                        "description": "List of values of the variables",
                        "type": "array",
                        "subtype": "object",
                        "properties": [
                            {
                                "name": "variableName",
                                "title": "type",
                                "description": "name of the variable",
                                "type": "string"
                            },
                            {
                                "name": "variableValue",
                                "title": "type",
                                "description": "value of the variable",
                                "type": "parameter"
                            },
                            {
                                "name": "resultCode",
                                "title": "Result Code",
                                "description": "Result code of Set Operation",
                                "type": "enumeration",
                                "subtype": "string",
                                "attributes": {
                                    "list": [
                                        "SUCCESS",
                                        "PARAM_NOT_SUPPORTED",
                                        "INVALID_FORMAT",
                                        "WRONG_VALUE",
                                        "UNKNOWN"
                                    ]
                                }
                            },
                            {
                                "name": "resultDescription",
                                "title": "Result Description",
                                "description": "Result description of Set Operation",
                                "type": "string"
                            }
                        ]
                    }
                ]
            }
        ],
        "models": []
    },
    {
        "name": "SHUT_DOWN_COMMUNICATIONS",
        "title": "Shut Down Communications",
        "description": "disable a specific communications channel",
        "applicableTo": [
            "GATEWAY"
        ],
        "parameters": "{\"type\":\"object\",\"properties\":{\"profile\":{\"type\":\"string\",\"title\": \"Communications Profile\"}},\"additionalProperties\":false}",
        "steps": [
            {
                "name": "\"SHUT_DOWN_COMMUNICATIONS\"",
                "title": "\"Shut Down Communications Action\"",
                "description": "\"\"",
                "response": null
            }
        ],
        "models": []
    },
    {
        "name": "SIM_REPLACEMENT",
        "title": "Sim replacement",
        "description": null,
        "applicableTo": [
            "SUBSCRIPTION"
        ],
        "parameters": "{\"type\":\"object\",\"properties\":{\"icc\":{\"type\":\"string\",\"title\":\"ICC\",\"description\":\"New ICC\"}},\"required\":[\"icc\"],\"additionalProperties\":false}",
        "steps": null,
        "models": []
    },
    {
        "name": "STATUS_DIAGNOSTIC",
        "title": "Status Diagnostic",
        "description": "Remote factory reset",
        "applicableTo": [
            "GATEWAY",
            "ASSET",
            "SUBSCRIPTION"
        ],
        "parameters": "{\"type\":\"object\",\"properties\":{\"administrativeStatus\":{\"type\":\"string\",\"title\": \"Administrative Status\",\"enum\":[\"ACTIVE\",\"BANNED\",\"DELETED\",\"INVALID\",\"READY\",\"REPAIR\",\"REQUESTED\",\"RETIRED\",\"SUSPENDED\",\"TESTED\",\"TESTING\",\"UNKNOWN\"]}},\"additionalProperties\":false}",
        "steps": [
            {
                "name": "\"CONFIGURATION\"",
                "title": "\"Configuration\"",
                "description": "\"\"",
                "response": null
            },
            {
                "name": "\"COMPONENTS\"",
                "title": "\"Components\"",
                "description": "\"\"",
                "response": null
            },
            {
                "name": "\"COMMUNICATIONS\"",
                "title": "\"Communications\"",
                "description": "\"\"",
                "response": null
            },
            {
                "name": "\"PROVISION\"",
                "title": "\"Provision\"",
                "description": "\"\"",
                "response": null
            },
            {
                "name": "\"PRESENCE\"",
                "title": "\"Presence\"",
                "description": "\"\"",
                "response": null
            },
            {
                "name": "\"EQUIPMENT_DIAGNOSTICS\"",
                "title": "\"Equipment Diagnostic\"",
                "description": "\"\"",
                "response": null
            }
        ],
        "models": []
    },
    {
        "name": "UPDATE",
        "title": "Device Update",
        "description": "Device Firmware, Software and Configuration Update",
        "applicableTo": [
            "GATEWAY",
            "ASSET"
        ],
        "parameters": "{\"type\":\"object\",\"properties\":{\"bundleName\":{\"type\":\"string\",\"title\":\"Bundle Name\",\"description\":\"Bundle to Apply\"},\"bundleVersion\":{\"type\":\"string\",\"title\":\"Bundle Version\",\"description\":\"Bundle Version to Apply\"}},\"required\":[\"bundleName\",\"bundleVersion\"],\"additionalProperties\":false}",
        "steps": [
            {
                "name": "\"ACCEPTED\"",
                "title": "\"Accepted\"",
                "description": "\"\"",
                "response": null
            },
            {
                "name": "\"BEGINUPDATE\"",
                "title": "\"Begin Update\"",
                "description": "\"\"",
                "response": null
            },
            {
                "name": "\"ENDUPDATE\"",
                "title": "\"End Update\"",
                "description": "\"\"",
                "response": null
            },
            {
                "name": "\"DOWNLOADFILE\"",
                "title": "\"Download File\"",
                "description": "\"\"",
                "response": null
            },
            {
                "name": "\"BEGININSTALL\"",
                "title": "\"Begin Install\"",
                "description": "\"\"",
                "response": null
            },
            {
                "name": "\"ENDINSTALL\"",
                "title": "\"End Install\"",
                "description": "\"\"",
                "response": null
            },
            {
                "name": "\"BEGINPREACTION\"",
                "title": "\"Begin Preaction\"",
                "description": "\"\"",
                "response": null
            },
            {
                "name": "\"ENDPREACTION\"",
                "title": "\"End Preaction\"",
                "description": "\"\"",
                "response": null
            },
            {
                "name": "\"BEGINPOSTACTION\"",
                "title": "\"Begin PostAction\"",
                "description": "\"\"",
                "response": null
            },
            {
                "name": "\"ENDPOSTACTION\"",
                "title": "\"End PostAction\"",
                "description": "\"\"",
                "response": null
            }
        ],
        "models": []
    },
    {
        "name": "UPDATE_OGRADIUS_USER",
        "title": "Update OGRadius User",
        "description": "Update the User for a OGRadius subscription",
        "applicableTo": [
            "GATEWAY",
            "SUBSCRIPTION"
        ],
        "parameters": "{\"type\":\"object\",\"properties\":{\"username\":{\"type\":\"string\",\"title\":\"Username\"},\"password\":{\"type\":\"string\",\"title\":\"Password\"},\"callingStationId\":{\"type\":\"string\",\"title\":\"Calling Station Id\"},\"framedIpAddress\":{\"type\":\"string\",\"title\":\"Framed Ip Address\"},\"framedIpNetmask\":{\"type\":\"string\",\"title\":\"Framed Ip Netmask\"},\"apn\":{\"type\":\"string\",\"title\":\"APN\"}},\"required\":[\"username\",\"password\",\"callingStationId\",\"framedIpAddress\",\"framedIpNetmask\",\"apn\"],\"additionalProperties\":false}",
        "steps": null,
        "models": []
    },
    {
        "name": "WAKE_UP_COMMUNICATIONS",
        "title": "Wake Up Communications",
        "description": "enable a specific communications channel",
        "applicableTo": [
            "GATEWAY",
            "ASSET"
        ],
        "parameters": "{\"type\":\"object\",\"properties\":{\"mode\":{\"type\":\"string\",\"title\": \"Mode\",\"enum\":[\"ALL\",\"SELECTED\"]},\"profile\":{\"type\":\"string\",\"title\": \"Profile\",\"description\" : \"Profile to wake up\"},\"channel\":{\"type\":\"string\",\"title\": \"Channel\",\"description\" : \"Channel used to send the send the wakeup\",\"enum\":[\"IP-GPRS\",\"IP-WIFI\",\"SMS\"]}},\"additionalProperties\":false}",
        "steps": [
            {
                "name": "\"WAKE_UP_COMMUNICATIONS\"",
                "title": "\"Wake Up Communications Action\"",
                "description": "\"\"",
                "response": null
            }
        ],
        "models": []
    }
]
