{
    "type": "object",
    "properties": {
        "identifier": {
            "type": "string"
        },
        "organizationName": {
            "type": "string"
        },
        "name": {
            "type": "string"
        },
        "version": {
            "type": "string"
        },
        "description": {
            "type": "string"
        },
        "allowedResourceTypes": {
        	"type":"array",
            "items": { "$ref":"ResourceType.json/#"}
        },
        "categories": {
        	"type": "array",
            "items": {
                "$ref" : "#/definitions/Category"
            }
        }
    },
    "required" : ["name","version"],
    "additionalProperties":false,
    "definitions": {
    	"Unit" : {
    		"type": "object",
    		"properties": {
                "label": {
                    "type": "string"
                },
                "symbol": {
                    "type": "string",
                    "default" : ""
                },
                "type": {
                    "type": "string",
                    "default" : ""
                }
            }
    	},
    	"Storage" : {
    		"type": "object",
	        "properties": {
                "period": {
                    "type": "string",
                    "enum": ["SECONDS","MINUTES","HOURS","DAYS","MONTHS","YEARS","NEVER"]
                },
                "total": {
                    "type": "integer"
                }
            },
	    	"additionalProperties":false
    	},
    	"Filter" : {
    		"type": "object",
	        "properties": {
                "order": {
                   "type":"integer",
                	"default":0
                },
                "allowExists": {
                    "type": "boolean",
                    "default":false
                }
            },
	    	"additionalProperties":false
    	},
    	"PlatformHints" : {
			"type": "object",
            "properties": {
                "provType": {
                    "type": "string",
                    "enum" : ["IDENTIFIER","MONITORING","REFERENCE"],
                    "default" : "MONITORING"
                },
                "structured": {
                    "type": "boolean",
                    "default" : false
                },
                "filter": {
               		"$ref" : "#/definitions/Filter"
                },
                "visible": {
                	"type":"boolean",
                	"default":true
                },
                "identifierField": {
                	"type":"boolean",
                	"default":false
                },
                "summariable": {
                	"type":"boolean",
                	"default":false
                }
            },
	    	"additionalProperties":false
    	},
    	"QRating": {
            "type": "object",
            "properties": {
                "version": {
                	"type" : "string"
                },
                "ideal": {
                	"$ref" : "QRatingPoint.json/#" 
                },
                "max_allowed": {
                	"$ref" : "QRatingPoint.json/#"
                },
                "max_desired": {
                	"$ref" : "QRatingPoint.json/#"
                },
                "min_desired": {
                	"$ref" : "QRatingPoint.json/#"
                },
                "min_required": {
                	"$ref" : "QRatingPoint.json/#"
                },
                "max_score": {
                    "type": "integer"
                },
                "conversion_matrix": {
                    "type": "object",
                    "javaType" : "java.util.Map<String,Double>"
                },
                "cumulative_period_divisor" : {
                	"type":"integer"
                }
            },
	    	"additionalProperties":false
        },
    	"Datastream" : {
    		"type": "object",
	    	"properties": {
	            "identifier": {
	                "type": "string"
                },
	            "name": {
	                "type": "string"
	            },
	            "description": {
	                "type": "string"
	            },
	            "hardwareIds": {
	                "type": "array",
	                "items" : {
	                	"type" : "string"
	                }
	            },
	            "period": {
	                "type": "string",
	                "enum":["PULSE","CUMULATIVE","INSTANT"],
	                "default" : "INSTANT"
	            },
	            "access": {
	                "type": "string",
	                "enum":["READ","WRITE","READ,WRITE"],
	                "default" : "READ"
	            },
	            "schema": {
	                "type": "object",
            		"javaType" : "com.fasterxml.jackson.databind.JsonNode"
	            },
	            "storage": {
	            	"$ref" : "#/definitions/Storage"
	            },
	            "qrating": {
	            	"$ref" : "#/definitions/QRating"
	            },
	            "tags": {
	            	"type": "array",
	                "items": {
	                    "type": "string"
	                }
	            },
	            "unit": {
	                "$ref" : "#/definitions/Unit"
	            },
	            "views": {
	                "type": "object",
	                "javaType" : "com.fasterxml.jackson.databind.JsonNode"
	            },
	            "icon": {
	                "type": "object",
	                "javaType" : "com.fasterxml.jackson.databind.JsonNode"
	            },
	            "modifiable": {
                    "type": "boolean",
                    "default" : true
                },
                "calculated": {
                    "type": "boolean",
                    "default" : false
                },
	            "required": {
                    "type": "boolean",
                    "default" : false
                },
                "indexed": {
                    "type": "boolean",
                    "default" : false
                },
	            "platformHints": {
                    "$ref" : "#/definitions/PlatformHints"
                }
	        },
	        "required" : ["identifier","name","schema","period"],
	    	"additionalProperties":false
		},
    	"Category" : {
    		"type": "object",
			"properties": {
	            "identifier": {
	                "type": "string"
	            },
	            "name": {
	                "type": "string"
	            },
	            "datastreams": {
	                "items": {
	                    "$ref" : "#/definitions/Datastream"
	                },
	                "type": "array"
	            }
	        },
	        "required" : ["identifier"],
	    	"additionalProperties":false
	    }
   	}
}
