{
	"identifier": "internal",
	"name": "internal",
	"version": "8.0.0.0",
	"description": "Define internal structure",
	"allowedResourceTypes":["entity.device","entity.subscriber","entity.subscription"],
	"categories": [  
		{
	        "identifier": "provisionInternalFields",
	        "datastreams": [
				{
					"identifier": "provision.device.recModificationDate",
					"name": "provision.device.recModificationDate",
					"unit": {
						"type": "basicSI",
						"label": "",
						"symbol": ""
					},
					"period": "PULSE",
					"tags": [
						"dmm",
						"provision"
					],
					"schema": {
						"$ref": "og_basic_types.json#/definitions/timestamp"
					},
					"storage":{
						"period": "NEVER"
					},
		            "required":false,
		            "modifiable":true,
					"platformHints": {
						"structured" : true,
						"visible" : false
					}
				},
				{
					"identifier": "provision.device.communicationModules[].recModificationDate",
					"name": "provision.device.communicationModules[].recModificationDate",
					"unit": {
						"type": "basicSI",
						"label": "",
						"symbol": ""
					},
					"period": "PULSE",
					"tags": [
						"dmm",
						"provision"
					],
					"schema": {
						"$ref": "og_basic_types.json#/definitions/timestamp"
					},
					"storage":{
						"period": "NEVER"
					},
		            "required":false,
		            "modifiable":true,
					"platformHints": {
						"structured" : true,
						"visible" : false
					}
				},
	            {
	                "identifier": "provision.device.communicationModules[].subscription.recModificationDate",
	                "name": "provision.device.communicationModules[].subscription.recModificationDate",
	                "unit": {
	                    "type": "basicSI",
	                    "label": "",
	                    "symbol": ""
	                },
	                "period": "PULSE",
	                "tags": [
	                    "dmm",
	                    "provision"
	                ],
	                "schema": {
	                    "$ref": "og_basic_types.json#/definitions/timestamp"
	                },
	                "storage":{
						"period": "NEVER"
					},
			        "required":false,
			        "modifiable":true,
					"platformHints": {
	                	"structured" : true,
	                	"visible" : false	                    
	                }
	            },
				{
					"identifier": "provision.device.communicationModules[].subscriber.recModificationDate",
					"name": "provision.device.communicationModules[].subscriber.recModificationDate",
					"unit": {
						"type": "basicSI",
						"label": "",
						"symbol": ""
					},
					"period": "PULSE",
					"tags": [
						"dmm",
						"provision"
					],
					"schema": {
						"$ref": "og_basic_types.json#/definitions/timestamp"
					},
					"storage":{
						"period": "NEVER"
					},
			        "required":false,
			        "modifiable":true,
					"platformHints": {
						"structured" : true,
						"visible" : false
					}
				}
			]
		},
		{
	        "identifier": "collectionInternalFields",
	        "datastreams": [
	        	{
					"identifier": "device.recModificationDate",
					"name": "device.recModificationDate",
					"unit": {
						"type": "basicSI",
						"label": "",
						"symbol": ""
					},
					"period": "PULSE",
					"tags": [
						"dmm"
					],
					"schema": {
						"$ref": "og_basic_types.json#/definitions/timestamp"
					},
					"storage":{
						"period": "NEVER"
					},
			        "required":false,
			        "modifiable":true,
					"platformHints": {
						"structured" : true,
						"visible" : false
					}
				},
				{
					"identifier": "device.communicationModules[].recModificationDate",
					"name": "device.communicationModules[].recModificationDate",
					"unit": {
						"type": "basicSI",
						"label": "",
						"symbol": ""
					},
					"period": "PULSE",
					"tags": [
						"dmm"
					],
					"schema": {
						"$ref": "og_basic_types.json#/definitions/timestamp"
					},
					"storage":{
						"period": "NEVER"
					},
			        "required":false,
			        "modifiable":true,
					"platformHints": {
						"structured" : true,
						"visible" : false
					}
				},
				{
					"identifier": "device.communicationModules[].subscriber.recModificationDate",
					"name": "device.communicationModules[].subscriber.recModificationDate",
					"unit": {
						"type": "basicSI",
						"label": "",
						"symbol": ""
					  },
					"period": "PULSE",
					"tags": [
						"dmm"
					],
					"schema": {
						"$ref": "og_basic_types.json#/definitions/timestamp"
					},
					"storage":{
						"period": "NEVER"
					},
			        "required":false,
			        "modifiable":true,
					"platformHints": {
						"structured" : true,
						"visible" : false
					}
				},
				{
					"identifier": "device.communicationModules[].subscription.recModificationDate",
					"name": "device.communicationModules[].subscription.recModificationDate",
					"unit": {
						"type": "basicSI",
						"label": "",
						"symbol": ""
					},
					"period": "PULSE",
					"tags": [
						"dmm"
					],
					"schema": {
						"$ref": "og_basic_types.json#/definitions/timestamp"
					},
					"storage":{
						"period": "NEVER"
					},
			        "required":false,
			        "modifiable":true,
					"platformHints": {
						"structured" : true,
						"visible" : false
					}
				}
			]
		}
	]
}
