{
  "ruleTemplate": {
    "mode": "ADVANCED",
    "name": "changeCommsModuleOperationalStatusByNokPing",
    "description": "Put selected operational status to communication module if consecutive NOK Ping reach selected value",
    "type": {
      "name": "DATASTREAM",
      "datastreams": [
        {
          "name": "device.communicationModules[].subscription.counters.presence.consecutivePingNOK",
          "fields": [
            {
              "field": "value",
              "alias": "ping current and previous value"
            }
          ],
          "prefilter": true
        }
      ]
    },
    "parameters": [
      {
        "name": "operational_status",
        "value": "DISABLED",
        "schema": "string"
      },
      {
        "name": "threshold",
        "value": 50,
        "schema": "integer"
      }
    ],
    "active": false,
    "javascript": "var countList = entity[\"device.communicationModules[].subscription.counters.presence.consecutivePingNOK\"];\nif (countList) {\n  var commsValues = {};\n  var values = {};\n  var activeCollect = false;\n  countList.forEach(function(data, index) {\n    if (data._value && data._value._received && data._value._current.value >= getVariableValue(parameterObject[\"threshold\"])) {\n      var operationalStatusDatastream = \"device.communicationModules[].operationalStatus\";\n      var commsIdentifier;\n      var currentOperationalStatus;\n      if (data._index.value && data._index.value._current) {\n        commsIdentifier = data._index.value._current.value;\n        currentOperationalStatus = entity[operationalStatusDatastream] ? entity[operationalStatusDatastream][index] : null;\n      }\n      if (commsIdentifier !== undefined && (!currentOperationalStatus || currentOperationalStatus._value._current.value !== \"DISABLED\")) {\n        if (!commsValues[operationalStatusDatastream]) {\n          commsValues[operationalStatusDatastream] = {};\n        }\n        commsValues[operationalStatusDatastream][commsIdentifier] = getVariableValue(parameterObject[\"operational_status\"]);\n        activeCollect = true;\n      }\n    }\n  });\n  if (activeCollect) collectDatastreams(values, commsValues);\n}"
  }
}
