{
  "ruleTemplate": {
    "mode": "ADVANCED",
    "name": "checkDistance",
    "description": "Checks if entity is farther than a defined distance",
    "type": {
      "name": "DATASTREAM",
      "datastreams": [
        {
          "name": "entity.location",
          "prefilter": true
        }
      ]
    },
    "parameters": [
      {
        "name": "datastream_name",
        "value": "entity.location",
        "schema": "string"
      },
      {
        "name": "latitude",
        "value": 40.47,
        "schema": "number"
      },
      {
        "name": "longitude",
        "value": -3.66,
        "schema": "number"
      },
      {
        "name": "distance",
        "value": 2000,
        "schema": "integer"
      },
      {
        "name": "entityKeys",
        "value": "ALL",
        "schema": "string"
      },
      {
        "name": "notificationDescription",
        "value": "Checks if entity is farther than a defined distance",
        "schema": "string"
      },
      {
        "name": "notificationSeverity",
        "value": "INFORMATIVE",
        "schema": "string"
      },
      {
        "name": "notificationPiority",
        "value": "HIGH",
        "schema": "string"
      }
    ],
    "javascript": "var locationData = entity[getVariableValue(parameterObject['datastream_name'])];\nvar identifier = entity['provision.administration.identifier'];\nif (locationData._value._received) {\n    var condition;\n    var notificationDescription = getVariableValue(parameterObject['notificationDescription']);\n    var notificationSeverity = getVariableValue(parameterObject['notificationSeverity']);\n    var notificationPiority = getVariableValue(parameterObject['notificationPiority']);\n    if (locationData._value._previous) {\n        condition = getDistance(getVariableValue(parameterObject['latitude']), getVariableValue(parameterObject['longitude']), locationData._value._current.value.position.coordinates[1], locationData._value._current.value.position.coordinates[0]) > getVariableValue(parameterObject['distance']) && getDistance(getVariableValue(parameterObject['latitude']), getVariableValue(parameterObject['longitude']), locationData._value._previous.value.position.coordinates[1], locationData._value._previous.value.position.coordinates[0]) < getVariableValue(parameterObject['distance']);\n    } else {\n        condition = getDistance(getVariableValue(parameterObject['latitude']), getVariableValue(parameterObject['longitude']), locationData._value._current.value.position.coordinates[1], locationData._value._current.value.position.coordinates[0]) > getVariableValue(parameterObject['distance']);\n    }\n    if (condition && (getVariableValue(parameterObject['entityKeys']) === 'ALL' || getVariableValue(parameterObject['entityKeys']).indexOf(identifier._value._current.value) !== -1)) {\n        openAlarm(null, ruleName, ruleName, notificationSeverity, notificationPiority, notificationDescription);\n    }\n}",
    "active": false
  }
}