{
  "ruleTemplate": {
    "mode": "ADVANCED",
    "name": "countPings",
    "description": "Count number of ping [OK/NOK/NOK consecutives] to get information in mobile net",
    "type": {
      "name": "DATASTREAM",
      "datastreams": [
        {
          "name": "device.communicationModules[].subscription.presence.ip",
          "fields": [
            {
              "field": "value",
              "alias": "ip current and previous value"
            }
          ],
          "prefilter": true
        }
      ]
    },
    "active": false,
    "parameters": [
      {
        "name": "ignored_operational_status",
        "value": "DISABLED",
        "schema": "string"
      },
      {
        "name": "ttl_datapoints_collector",
        "value": -1,
        "schema": "integer"
      }
    ],
    "javascript": "var ipList = entity['device.communicationModules[].subscription.presence.ip'];\nif (ipList) {\n  var commsValues = {};\n  var values = {};\n  var dpValues = {};\n  var dpCommsValues = {};\n  var totalOkDevice = 0.0;\n  var totalNokDevice = 0.0;\n  var hasOkAnySubscription = false;\n  var activeCollect = false;\n  var reinject = false;\n\n  ipList.forEach(function(data, index) {\n    var data = ipList[index];\n    if (data._value && data._value._received && data._value._current.source && data._value._current.source === 'DEVICE_PING') {\n      //Getting comms context info\n      var commsIdentifier;\n      var operationalStatus;\n      if (data._index.value && data._index.value._current) {\n        commsIdentifier = data._index.value._current.value;\n        operationalStatus = getCommsDatastreamFromEntity('device.communicationModules[].operationalStatus', commsIdentifier);\n      } \n      commsIdentifier = commsIdentifier === undefined ? '' : commsIdentifier;\n\n      var pingNokDatastream = 'device.communicationModules[].subscription.counters.presence.pingNOKLastDay';\n      var pingOkDatastream = 'device.communicationModules[].subscription.counters.presence.pingOKLastDay';\n      var pingNokConsecutiveDatastream = 'device.communicationModules[].subscription.counters.presence.consecutivePingNOK';\n      var availabilityDatastream = 'device.communicationModules[].subscription.counters.availabilityLastDay';\n\n      var okPings = 0.0;\n      var nokPings = 0.0;\n      var reset = false;\n      var countPingKO = !operationalStatus || !operationalStatus._current.value || operationalStatus._current.value !== getVariableValue(parameterObject['ignored_operational_status']);\n\n      if (data._value._current.value === 'OK') {\n        //At de moment that is received a ok ping, this rule will collect some datastreams\n        activeCollect = true;\n\n        hasOkAnySubscription = true;\n\n        //Saving ping-ok counter value\n        var pingOkDatastreamValue = getCommsDatastreamFromEntity(pingOkDatastream, commsIdentifier);        \n        var pingOkDataWithReset = getDailyCounterValueFromMessageWithReset(pingOkDatastreamValue, 1.0, getDailyResetDate());\n        var okPings = pingOkDataWithReset.value;\n        if (!commsValues[pingOkDatastream]) {\n          commsValues[pingOkDatastream] = {};\n        }\n        commsValues[pingOkDatastream][commsIdentifier] = okPings;\n\n        //Getting ping-nok counter value - multiple uses\n        var counterNokValue = getCommsDatastreamFromEntity(pingNokDatastream, commsIdentifier);\n        \n        if (pingOkDataWithReset.reset) {\n          //Saving ping-ok counter dataPoint\n          if (pingOkDataWithReset.preValue != null) {\n            reset = true;\n            dpCommsValues[pingOkDatastream] = {};\n            dpCommsValues[pingOkDatastream][commsIdentifier] = pingOkDataWithReset.preValue;\n          }\n  \n          //Reset of datapoint and datastream of ping-nok counter\n          if (counterNokValue != null) {\n            reset = true;\n            dpCommsValues[pingNokDatastream] = {};\n            dpCommsValues[pingNokDatastream][commsIdentifier] = counterNokValue._current.value;\n          }\n          if (!commsValues[pingNokDatastream]) {\n            commsValues[pingNokDatastream] = {};\n          }\n          commsValues[pingNokDatastream][commsIdentifier] = 0.0;\n        }\n\n        //Reset of datastream ping-nok-consecutive by received pingOK\n        if (!commsValues[pingNokConsecutiveDatastream]) {\n          commsValues[pingNokConsecutiveDatastream] = {};\n        }\n        commsValues[pingNokConsecutiveDatastream][commsIdentifier] = 0.0;\n\n        //Loading preValue of ping-nok counter to get new availability value\n        nokPings = reset ? 0.0 : ((counterNokValue !== undefined && counterNokValue !== null && counterNokValue._current !== null) ? counterNokValue._current.value : 0.0);\n        \n        totalOkDevice = totalOkDevice + 1.0;\n      } else {\n        //Ping-nok only is counted if operational status is distinct to defined in parameter\n        if (countPingKO) {\n          //If operationalStatus is ok in ping-ko then will collect some datastreams\n          activeCollect = true;\n          reinject = true;\n\n          //Saving ping-nok counter value\n          var pingNOkDataWithResetMessage = getCommsDatastreamFromEntity(pingNokDatastream, commsIdentifier);\n          var pingNOkDataWithReset = getDailyCounterValueFromMessageWithReset(pingNOkDataWithResetMessage, 1.0, getDailyResetDate());\n          var nokPings = pingNOkDataWithReset.value;\n          if (!commsValues[pingNokDatastream]) {\n            commsValues[pingNokDatastream] = {};\n          }\n          commsValues[pingNokDatastream][commsIdentifier] = nokPings;\n          \n          //Saving ping-nok-consecutive counter value\n          var nokConsecutivePingsDsValue = getCommsDatastreamFromEntity(pingNokConsecutiveDatastream, commsIdentifier);\n          var nokConsecutivePings = getCounterValue(nokConsecutivePingsDsValue ? nokConsecutivePingsDsValue._current : undefined, 1.0);\n          if (!commsValues[pingNokConsecutiveDatastream]) {\n            commsValues[pingNokConsecutiveDatastream] = {};\n          }\n          commsValues[pingNokConsecutiveDatastream][commsIdentifier] = nokConsecutivePings;\n\n          //Getting ping-ok counter value - multiple uses\n          var counterOkValue = getCommsDatastreamFromEntity(pingOkDatastream, commsIdentifier);\n\n          if (pingNOkDataWithReset.reset) {\n            //Saving ping-ok counter dataPoint\n            if (pingNOkDataWithReset.preValue != null) {\n              reset = true;\n              dpCommsValues[pingNokDatastream] = {};\n              dpCommsValues[pingNokDatastream][commsIdentifier] = pingNOkDataWithReset.preValue;\n            }\n\n            //Reset of datapoint and datastream of ping-nok counter\n            if (counterOkValue != null) {\n              reset = true;\n              dpCommsValues[pingOkDatastream] = {};\n              dpCommsValues[pingOkDatastream][commsIdentifier] = counterOkValue._current.value;\n            }\n            if (!commsValues[pingOkDatastream]) {\n              commsValues[pingOkDatastream] = {};\n            }\n            commsValues[pingOkDatastream][commsIdentifier] = 0.0;\n          }\n\n          //Loading preValue of ping-ok counter to get new availability value\n          okPings = reset ? 0.0 : ((counterOkValue !== undefined && counterOkValue !== null && counterOkValue._current !== null) ? counterOkValue._current.value : 0.0);\n            \n          totalNokDevice = totalNokDevice + 1.0;\n        }\n      }\n\n      if (reset) {\n        //Reset, saving availability dataPoint\n        var dpCounterAvailability = getCommsDatastreamFromEntity(availabilityDatastream, commsIdentifier);\n        if (dpCounterAvailability != null) {\n          if (!dpCommsValues[availabilityDatastream]) {\n            dpCommsValues[availabilityDatastream] = {};\n          }\n          var dpCounterAvailabilityValue = dpCounterAvailability && dpCounterAvailability._current ? dpCounterAvailability._current.value : 0.0;\n          dpCommsValues[availabilityDatastream][commsIdentifier] = isNaN(parseFloat(dpCounterAvailabilityValue)) ? 0.0 : dpCounterAvailabilityValue;\n        }\n      }\n      var availability = okPings * 100 / (okPings + nokPings);\n\n      if (!commsValues[availabilityDatastream]) {\n        commsValues[availabilityDatastream] = {};\n      }\n      commsValues[availabilityDatastream][commsIdentifier] = isNaN(availability) ? 0.0 : availability;\n    }\n  });\n\n  if (activeCollect && entity.resourceType._value._current.value === 'entity.device') {\n    //Device's counters\n\n    //consecutive-ping-nok\n    var pingNokConsecutiveDatastream = 'device.counters.presence.consecutivePingNOK';\n    var nokConsecutivePings = 0.0;\n    if (!hasOkAnySubscription) {\n      var datastreamValue = getDatastreamFromEntity(pingNokConsecutiveDatastream);\n      nokConsecutivePings = getCounterValue(datastreamValue ? datastreamValue._current : undefined, totalNokDevice);\n    }\n    values[pingNokConsecutiveDatastream] = nokConsecutivePings;\n    \n    //ping-nok\n    var pingOkDatastream = 'device.counters.presence.pingOKLastDay';\n    var pingOkDsValueWithResetMessage = getDatastreamFromEntity(pingOkDatastream);\n    var pingOkDsValueWithReset = getDailyCounterValueFromMessageWithReset(pingOkDsValueWithResetMessage, totalOkDevice, getDailyResetDate());\n    if (pingOkDsValueWithReset.reset && pingOkDsValueWithReset.preValue != null ) {\n      dpValues[pingOkDatastream] = pingOkDsValueWithReset.preValue;\n    }\n    values[pingOkDatastream] = pingOkDsValueWithReset.value;\n    \n    //ping-ok\n    var pingNokDatastream = 'device.counters.presence.pingNOKLastDay';\n    var pingNokDsValueWithResetMessage = getDatastreamFromEntity(pingNokDatastream);\n    var pingNokDsValueWithReset = getDailyCounterValueFromMessageWithReset(pingNokDsValueWithResetMessage, totalNokDevice, getDailyResetDate());\n    if (pingNokDsValueWithReset.reset && pingNokDsValueWithReset.preValue != null ) {\n      dpValues[pingNokDatastream] = pingNokDsValueWithReset.preValue;\n    }\n    values[pingNokDatastream] = pingNokDsValueWithReset.value;\n\n\n    //availability\n    var availabilityDatastream = 'device.counters.availabilityLastDay';\n    if (dpValues[pingOkDatastream] || dpValues[pingNokDatastream]) {\n      var dpCounterAvailability = getDatastreamFromEntity(availabilityDatastream);\n      if (dpCounterAvailability != null) {\n        var dpCounterAvailabilityValue = dpCounterAvailability && dpCounterAvailability._current ? dpCounterAvailability._current.value : 0.0;\n        dpValues[availabilityDatastream] = isNaN(parseFloat(dpCounterAvailabilityValue)) ? 0.0 : dpCounterAvailabilityValue;\n      }\n    }\n\n    var availability = pingOkDsValueWithReset.value * 100 / (pingOkDsValueWithReset.value + pingNokDsValueWithReset.value);\n    values[availabilityDatastream] = isNaN(availability) ? 0.0 : availability;\n  }\n} \nif (Object.keys(dpValues).length > 0 || Object.keys(dpCommsValues).length > 0) {\n  collectDataPoints(entity.resourceType._value._current.value, entity['provision.administration.identifier']._value._current.value, dpValues, dpCommsValues, getVariableValue(parameterObject['ttl_datapoints_collector']));\n}\nif (activeCollect) {\n  collectDatastreams(values, commsValues, true, reinject);\n}"
  }
}
