{
  "ruleTemplate": {
    "mode": "ADVANCED",
    "name": "countAccountingStart",
    "description": "Count accounting start in subscription",
    "type": {
      "name": "DATASTREAM",
      "datastreams": [
        {
          "name": "device.communicationModules[].subscription.mobile.presence.gprs",
          "fields": [
            {
              "field": "value",
              "alias": "gprs current and previous value"
            }
          ],
          "prefilter": true
        }
      ]
    },
    "parameters": [
      {
        "name": "subscription_accounting_datastream",
        "value": "device.communicationModules[].subscription.counters.presence.accountingStartLastDay",
        "schema": "string"
      },
      {
        "name": "device_accounting_datastream",
        "value": "device.counters.presence.accountingStartLastDay",
        "schema": "string"
      },
      {
        "name": "ttl_datapoints_collector",
        "value": -1,
        "schema": "integer"
      }
    ],
    "active": false,
    "javascript": "var gprsList = entity['device.communicationModules[].subscription.mobile.presence.gprs'];\nif (gprsList) {\n    var commsValues = {};\n    var values = {};\n    var dpValues = {};\n    var dpCommsValues = {};\n    var totalDevice = 0.0;\n    var activeCollect = false;\n    gprsList.forEach(function(data, index) {\n        var data = gprsList[index];\n        if (data._value && data._value._received && data._value._current.value === 'START') {\n            var commsIdentifier;\n            if (data._index.value && data._index.value._current) {\n                commsIdentifier = data._index.value._current.value;\n            }\n            commsIdentifier = commsIdentifier === undefined ? '' : commsIdentifier;\n            var counterDatastream = getVariableValue(parameterObject['subscription_accounting_datastream']);\n            if (counterDatastream) {\n                var counterDatastreamMessage = getCommsDatastreamFromEntity(counterDatastream,commsIdentifier);\n                var counterValueWithReset = getDailyCounterValueFromMessageWithReset(counterDatastreamMessage, 1.0);\n                var reset = counterValueWithReset.reset;\n                var counterValue = counterValueWithReset.value;\n                if (reset) {\n                    if (counterDatastreamMessage != null) {\n                        dpCommsValues[counterDatastream] = {};\n                        dpCommsValues[counterDatastream][commsIdentifier] = counterValueWithReset.preValue;\n                    }\n                }\n                if (!commsValues[counterDatastream]) { \n                 commsValues[counterDatastream] = {}; \n                } \n                commsValues[counterDatastream][commsIdentifier] = counterValue;\n                activeCollect = true;\n            }\n            totalDevice = totalDevice + 1.0;\n        }\n    });\n    if (activeCollect && entity.resourceType._value._current.value === 'entity.device') {\n        var counterDatastream = getVariableValue(parameterObject['device_accounting_datastream']);\n        if (counterDatastream) {\n            var counterDatastreamMessage = getDatastreamFromEntity(counterDatastream);\n            var counterValueWithReset = getDailyCounterValueFromMessageWithReset(counterDatastreamMessage, totalDevice);\n            var reset = counterValueWithReset.reset;\n            var counterValue = counterValueWithReset.value;\n            if (reset) {\n                if (counterDatastreamMessage != null) {\n                    dpValues[counterDatastream] = counterValueWithReset.preValue;\n                }\n            }\n            values[counterDatastream] = counterValue;\n            activeCollect = true;\n        }\n    }\n    if (Object.keys(dpValues).length > 0 || Object.keys(dpCommsValues).length > 0) {    \n        collectDataPoints(entity.resourceType._value._current.value, entity['provision.administration.identifier']._value._current.value, dpValues, dpCommsValues, getVariableValue(parameterObject['ttl_datapoints_collector']));\n    }\n\n    if (activeCollect) {\n        collectDatastreams(values, commsValues, true, true);\n    }\n}"
  }
}