{
  "ruleTemplate": {
    "mode": "EASY",
    "name": "diagnosticFailed",
    "description": "Diagnostic with error in some operation",
    "type": {
      "name": "OPERATION",
      "operationName": "REFRESH_INFO"
    },
    "active": false,
    "condition": {
      "filter": {
        "and": [
          {
            "eq": {
              "operation.error": true
            }
          }
        ]
      }
    },
    "actions": {
      "open": [
        {
          "enabled": false,
          "name": "diagnosticFailed",
          "severity": "URGENT",
          "priority": "HIGH",
          "description": "Diagnostic with error in some operation"
        }
      ],
      "close": [
        {
          "enabled": false,
          "ruleToClose": "diagnosticFailed"
        }
      ],
      "sendEmail": [
        {
          "enabled": false,
          "name": "diagnosticFailed",
          "subject": "Diagnostic failed",
          "template": "Diagnostic with error in operation {{$datastream: operation.name}}",
          "recipients": []
        }
      ],
      "sendTrap": [
        {
          "enabled": false,
          "name": "diagnosticFailed",
          "trapOID": "1.100.2",
          "enterpriseOID": "1.3.6.1.4.1.32784",
          "recipients": [
            {
              "ip": "172.19.18.95",
              "port": 8080
            }
          ],
          "variables": [
            {
              "1.1.1": "$datastream: provision.administration.organization._current.value"
            },
            {
              "1.1.2": "$datastream: provision.administration.channel._current.value"
            },
            {
              "1.1.3": "$datastream: provision.device.identifier._current.value"
            },
            {
              "1.1.4": "$datastream: provision.administration.serviceGroup._current.value"
            },
            {
              "1.7.1": "$datastream: operation.name"
            },
            {
              "1.7.2": "$datastream: operation.result"
            },
            {
              "1.7.3": "$datastream: operation.state"
            },
            {
              "1.9.1": "diagnosticFailed"
            },
            {
              "1.9.2": "diagnosticFailed"
            },
            {
              "1.9.3": "Diagnostic with error in some operation"
            },
            {
              "1.9.4": "HIGH"
            },
            {
              "1.9.5": "URGENT"
            }
          ]
        }
      ]
    }
  }
}