{
  "ruleTemplate": {
    "mode": "EASY",
    "name": "messageFlowRateExceeded",
    "description": "Message flow rate exceeded, not process message",
    "type": {
      "name": "EVENT",
      "eventName": "messageFlowRateExceeded"
    },
    "active": false,
    "condition": {
      "filter": {
        "and": [
          {
            "eq": {
              "event.name": "messageFlowRateExceeded"
            }
          }
        ]
      }
    },
    "actions": {
      "open": [
        {
          "enabled": false,
          "name": "messageFlowRateExceeded",
          "severity": "URGENT",
          "priority": "MEDIUM",
          "description": "Message flow rate exceeded, not process message"
        }
      ],
      "close": [
        {
          "enabled": false,
          "ruleToClose": "messageFlowRateExceeded"
        }
      ]
    }
  }
}