{
  "ruleTemplate": {
    "name": "presenceReachableAllInterfaces",
    "description": "Current value of datastream has an unusual value with margen temporal or no",
    "mode": "ADVANCED",
    "type": {
      "name": "DATASTREAM",
      "datastreams": [
        {
          "name": "device.communicationModules[].subscription.presence.unifiedPresence",
          "fields": [
            {
              "field": "._current.value"
            }
          ],
          "prefilter": true
        }
      ]
    },
    "active": true,
    "parameters": [
      {
        "name": "datastream_name",
        "value": "device.communicationModules[].subscription.presence.unifiedPresence",
        "schema": "string"
      },
      {
        "name": "notification_description",
        "value": "Presence reachable",
        "schema": "string"
      },
      {
        "name": "notification_severity",
        "value": "CRITICAL",
        "schema": "string"
      },
      {
        "name": "notification_priority",
        "value": "HIGH",
        "schema": "string"
      },
      {
        "name": "threshold",
        "value": "IP",
        "schema": "string"
      },
      {
        "name": "extra_threshold",
        "value": "GPRS",
        "schema": "string"
      },
      {
        "name": "collect_datastream_to",
        "value": "presenciaTotal",
        "schema": "string"
      },
      {
        "name": "rule_to_close",
        "value": "presenceUnreachableAllInterfaces",
        "schema": "string"
      }
    ],
    "javascript": "var unifiedPresenceList = entity[getVariableValue(parameterObject['datastream_name'])];\nvar presenciaTotal = entity['presenciaTotal'];\nvar hasUnifiedPresence = false;\nvar values = {};\nvar commsValues = {};\n\nif (unifiedPresenceList && (presenciaTotal == undefined || presenciaTotal._value._received == undefined)) {\n    unifiedPresenceList.forEach(function(data, index) {\n        if (data._value._received) {\n            hasUnifiedPresence |= data._value._current.value === getVariableValue(parameterObject['threshold']) || data._value._current.value === getVariableValue(parameterObject['extra_threshold']) && (data._value._previous && (data._value._previous.value !== getVariableValue(parameterObject['threshold']) || data._value._previous !== getVariableValue(parameterObject['extra_threshold'])));\n        } else {\n            hasUnifiedPresence |= data._value._current.value === getVariableValue(parameterObject['threshold']) || data._value._current.value === getVariableValue(parameterObject['extra_threshold']);\n        }\n    });\n    if (hasUnifiedPresence) {\n        closeAlarmByAlarmName(null, getVariableValue(parameterObject['rule_to_close']));\n        values[getVariableValue(parameterObject['collect_datastream_to'])] = true;\n        collectDatastreams(values, commsValues);\n    }\n}"
  }
}