{
  "ruleTemplate": {
    "mode": "ADVANCED",
    "name": "sumSessionBytes",
    "description": "Sum traffic bytes can get information in mobile net",
    "type": {
      "name": "DATASTREAM",
      "datastreams": [
        {
          "name": "device.communicationModules[].subscription.mobile.presence.gprs",
          "fields": [
            {
              "field": "value",
              "alias": "gprs current value"
            }
          ],
          "prefilter": true
        }
      ]
    },
    "parameters": [
      {
        "name": "daily_subscription_total_datastream",
        "value": "device.communicationModules[].subscription.counters.totalBytesLastDay",
        "schema": "string"
      },
      {
        "name": "daily_subscription_sent_datastream",
        "value": "device.communicationModules[].subscription.counters.sentBytesLastDay",
        "schema": "string"
      },
      {
        "name": "daily_subscription_received_datastream",
        "value": "device.communicationModules[].subscription.counters.receivedBytesLastDay",
        "schema": "string"
      },
      {
        "name": "monthly_subscription_total_datastream",
        "value": "device.communicationModules[].subscription.counters.totalBytesLastMonth",
        "schema": "string"
      },
      {
        "name": "monthly_subscription_sent_datastream",
        "value": "device.communicationModules[].subscription.counters.sentBytesLastMonth",
        "schema": "string"
      },
      {
        "name": "monthly_subscription_received_datastream",
        "value": "device.communicationModules[].subscription.counters.receivedBytesLastMonth",
        "schema": "string"
      },
      {
        "name": "daily_device_total_datastream",
        "value": "device.counters.totalBytesLastDay",
        "schema": "string"
      },
      {
        "name": "daily_device_sent_datastream",
        "value": "device.counters.sentBytesLastDay",
        "schema": "string"
      },
      {
        "name": "daily_device_received_datastream",
        "value": "device.counters.receivedBytesLastDay",
        "schema": "string"
      },
      {
        "name": "monthly_device_total_datastream",
        "value": "device.counters.totalBytesLastMonth",
        "schema": "string"
      },
      {
        "name": "monthly_device_sent_datastream",
        "value": "device.counters.sentBytesLastMonth",
        "schema": "string"
      },
      {
        "name": "monthly_device_received_datastream",
        "value": "device.counters.receivedBytesLastMonth",
        "schema": "string"
      },
      {
        "name": "ttl_datapoints_collector_daily",
        "value": -1,
        "schema": "integer"
      },
      {
        "name": "ttl_datapoints_collector_monthly",
        "value": -1,
        "schema": "integer"
      }
    ],
    "active": true,
    "javascript": "var gprsList = entity['device.communicationModules[].subscription.mobile.presence.gprs'];\nif (gprsList) {\n    var commsValues = {};\n    var values = {};\n    var activeCollect = false;\n    var totalBytesDevice = 0.0;\n    var sentBytesDevice = 0.0;\n    var receivedBytesDevice = 0.0;\n    var dpValuesDaily = {};\n    var dpCommsValuesDaily = {};\n    var dpValuesMonthly = {};\n    var dpCommsValuesMonthly = {};\n    gprsList.forEach(function(data, index) {\n        if (data._value && data._value._received && data._value._current.value === 'STOP') {\n            var commsIdentifier;\n            var session;\n            if (data._index && data._index.value && data._index.value._current) {\n                commsIdentifier = data._index.value._current.value;\n            }\n            session = entity['device.communicationModules[].subscription.session'][index];\n            commsIdentifier = commsIdentifier === undefined ? '' : commsIdentifier;\n            if (session._value._received) {\n                if (session._value._current.value.sentBytes || session._value._current.value.receivedBytes) {\n                    var value = 0.0 + (session._value._current.value.sentBytes ? session._value._current.value.sentBytes : 0);\n                    value = value + (session._value._current.value.receivedBytes ? session._value._current.value.receivedBytes : 0);\n                    var dailyDatastream = getVariableValue(parameterObject['daily_subscription_total_datastream']);\n                    if (dailyDatastream) {\n                        var counterValueWithResetMessage = getCommsDatastreamFromEntity(dailyDatastream, commsIdentifier);\n                        var counterValueWithReset = getDailyCounterValueFromMessageWithReset(counterValueWithResetMessage, value);\n                        var reset = counterValueWithReset.reset;\n                        var counterValue = counterValueWithReset.value;\n                        if (reset) {\n                            if (!dpCommsValuesDaily[dailyDatastream]) {\n                                dpCommsValuesDaily[dailyDatastream] = {};\n                            }\n                            if (counterValueWithReset.preValue != null) {\n                                dpCommsValuesDaily[dailyDatastream][commsIdentifier] = counterValueWithReset.preValue;\n                            }\n                        }\n                        if (!commsValues[dailyDatastream]) {\n                            commsValues[dailyDatastream] = {};\n                        }\n                        commsValues[dailyDatastream][commsIdentifier] = counterValue;\n                        activeCollect = true;\n                    }\n                    var monthlyDatastream = getVariableValue(parameterObject['monthly_subscription_total_datastream']);\n                    if (monthlyDatastream) {\n                        var counterValueWithResetMessage = getCommsDatastreamFromEntity(monthlyDatastream, commsIdentifier);\n                        var counterValueWithReset = getMonthlyCounterValueFromMessageWithReset(counterValueWithResetMessage, value);\n                        var reset = counterValueWithReset.reset;\n                        var counterValue = counterValueWithReset.value;\n                        if (reset) {\n                            if (!dpCommsValuesMonthly[monthlyDatastream]) {\n                                dpCommsValuesMonthly[monthlyDatastream] = {};\n                            }\n                            if (counterValueWithReset.preValue != null) {\n                                dpCommsValuesMonthly[monthlyDatastream][commsIdentifier] = counterValueWithReset.preValue;\n                            }\n                        }\n                        if (!commsValues[monthlyDatastream]) {\n                            commsValues[monthlyDatastream] = {};\n                        }\n                        commsValues[monthlyDatastream][commsIdentifier] = counterValue;\n                        activeCollect = true;\n                    }\n                    totalBytesDevice = totalBytesDevice + value;\n                }\n                if (session._value._current.value.sentBytes) {\n                    sentBytesDevice = sentBytesDevice + session._value._current.value.sentBytes;\n                    var value = session._value._current.value.sentBytes + 0.0;\n                    var dailyDatastream = getVariableValue(parameterObject['daily_subscription_sent_datastream']);\n                    if (dailyDatastream) {\n                        var counterValueWithResetMessage = getCommsDatastreamFromEntity(dailyDatastream, commsIdentifier);\n                        var counterValueWithReset = getDailyCounterValueFromMessageWithReset(counterValueWithResetMessage, value);\n                        var reset = counterValueWithReset.reset;\n                        var counterValue = counterValueWithReset.value;\n                        if (reset) {\n                            if (!dpCommsValuesDaily[dailyDatastream]) {\n                                dpCommsValuesDaily[dailyDatastream] = {};\n                            }\n                            if (counterValueWithReset.preValue != null) {\n                                dpCommsValuesDaily[dailyDatastream][commsIdentifier] = counterValueWithReset.preValue;\n                            }\n                        }\n                        if (!commsValues[dailyDatastream]) {\n                            commsValues[dailyDatastream] = {};\n                        }\n                        commsValues[dailyDatastream][commsIdentifier] = counterValue;\n                        activeCollect = true;\n                    }\n                    var monthlyDatastream = getVariableValue(parameterObject['monthly_subscription_sent_datastream']);\n                    if (monthlyDatastream) {\n                        var counterValueWithResetMessage = getCommsDatastreamFromEntity(monthlyDatastream, commsIdentifier);\n                        var counterValueWithReset = getMonthlyCounterValueFromMessageWithReset(counterValueWithResetMessage, value);\n                        var reset = counterValueWithReset.reset;\n                        var counterValue = counterValueWithReset.value;\n                        if (reset) {\n                            if (!dpCommsValuesMonthly[monthlyDatastream]) {\n                                dpCommsValuesMonthly[monthlyDatastream] = {};\n                            }\n                            var counter = getCommsDatastreamFromEntity(monthlyDatastream, commsIdentifier);\n                            if (counter != null) {\n                                dpCommsValuesMonthly[monthlyDatastream][commsIdentifier] = counterValueWithReset.preValue;\n                            }\n                        }\n                        if (!commsValues[monthlyDatastream]) {\n                            commsValues[monthlyDatastream] = {};\n                        }\n                        commsValues[monthlyDatastream][commsIdentifier] = counterValue;\n                        activeCollect = true;\n                    }\n                }\n                if (session._value._current.value.receivedBytes) {\n                    receivedBytesDevice = receivedBytesDevice + session._value._current.value.receivedBytes;\n                    var value = session._value._current.value.receivedBytes + 0.0;\n                    var dailyDatastream = getVariableValue(parameterObject['daily_subscription_received_datastream']);\n                    if (dailyDatastream) {\n                        var counterValueWithResetMessage = getCommsDatastreamFromEntity(dailyDatastream, commsIdentifier);\n                        var counterValueWithReset = getDailyCounterValueFromMessageWithReset(counterValueWithResetMessage, value);\n                        var reset = counterValueWithReset.reset;\n                        var counterValue = counterValueWithReset.value;\n                        if (reset) {\n                            if (!dpCommsValuesDaily[dailyDatastream]) {\n                                dpCommsValuesDaily[dailyDatastream] = {};\n                            }\n                            if (counterValueWithReset.preValue != null) {\n                                dpCommsValuesDaily[dailyDatastream][commsIdentifier] = counterValueWithReset.preValue;\n                            }\n                        }\n                        if (!commsValues[dailyDatastream]) {\n                            commsValues[dailyDatastream] = {};\n                        }\n                        commsValues[dailyDatastream][commsIdentifier] = counterValue;\n                        activeCollect = true;\n                    }\n                    var monthlyDatastream = getVariableValue(parameterObject['monthly_subscription_received_datastream']);\n                    if (monthlyDatastream) {\n                        var counterValueWithResetMessage = getCommsDatastreamFromEntity(monthlyDatastream, commsIdentifier);\n                        var counterValueWithReset = getMonthlyCounterValueFromMessageWithReset(counterValueWithResetMessage, value);\n                        var reset = counterValueWithReset.reset;\n                        var counterValue = counterValueWithReset.value;\n                        if (reset) {\n                            if (!dpCommsValuesMonthly[monthlyDatastream]) {\n                                dpCommsValuesMonthly[monthlyDatastream] = {};\n                            }\n                            if (counterValueWithReset.preValue != null) {\n                                dpCommsValuesMonthly[monthlyDatastream][commsIdentifier] = counterValueWithReset.preValue;\n                            }\n                        }\n                        if (!commsValues[monthlyDatastream]) {\n                            commsValues[monthlyDatastream] = {};\n                        }\n                        commsValues[monthlyDatastream][commsIdentifier] = counterValue;\n                        activeCollect = true;\n                    }\n                }\n            }\n        }\n    });\n    if (activeCollect && entity.resourceType._value._current.value === 'entity.device') {\n        var dailyTotalDatastream = getVariableValue(parameterObject['daily_device_total_datastream']);\n        if (dailyTotalDatastream) {\n            var counterValueWithResetMessage = getDatastreamFromEntity(dailyTotalDatastream);\n            var counterValueWithReset = getDailyCounterValueFromMessageWithReset(counterValueWithResetMessage, totalBytesDevice);\n            var reset = counterValueWithReset.reset;\n            var counterValue = counterValueWithReset.value;\n            values[dailyTotalDatastream] = counterValue;\n            if (reset) {\n                if (counterValueWithReset.preValue != null) {\n                    dpValuesDaily[dailyTotalDatastream] = counterValueWithReset.preValue;\n                }\n            }\n            activeCollect = true;\n        }\n        var monthlyTotalDatastream = getVariableValue(parameterObject['monthly_device_total_datastream']);\n        if (monthlyTotalDatastream) {\n            var counterValueWithResetMessage = getDatastreamFromEntity(monthlyTotalDatastream);\n            var counterValueWithReset = getMonthlyCounterValueFromMessageWithReset(counterValueWithResetMessage, totalBytesDevice);\n            var reset = counterValueWithReset.reset;\n            var counterValue = counterValueWithReset.value;\n            values[monthlyTotalDatastream] = counterValue;\n            if (reset) {\n                if (counterValueWithReset.preValue != null) {\n                    dpValuesMonthly[monthlyTotalDatastream] = counterValueWithReset.preValue;\n                }\n            }\n            activeCollect = true;\n        }\n        var dailySentDatastream = getVariableValue(parameterObject['daily_device_sent_datastream']);\n        if (dailySentDatastream) {\n            var counterValueWithResetMessage = getDatastreamFromEntity(dailySentDatastream);\n            var counterValueWithReset = getDailyCounterValueFromMessageWithReset(counterValueWithResetMessage, sentBytesDevice);\n            var reset = counterValueWithReset.reset;\n            var counterValue = counterValueWithReset.value;\n            values[dailySentDatastream] = counterValue;\n            if (reset) {\n                if (counterValueWithReset.preValue != null) {\n                    dpValuesDaily[dailySentDatastream] = counterValueWithReset.preValue;\n                }\n            }\n            activeCollect = true;\n        }\n        var monthlySentDatastream = getVariableValue(parameterObject['monthly_device_sent_datastream']);\n        if (monthlySentDatastream) {\n            var counterValueWithResetMessage = getDatastreamFromEntity(monthlySentDatastream);\n            var counterValueWithReset = getMonthlyCounterValueFromMessageWithReset(counterValueWithResetMessage, sentBytesDevice);\n            var reset = counterValueWithReset.reset;\n            var counterValue = counterValueWithReset.value;\n            values[monthlySentDatastream] = counterValue;\n            if (reset) {\n                if (counterValueWithReset.preValue != null) {\n                    dpValuesMonthly[monthlySentDatastream] = counterValueWithReset.preValue;\n                }\n            }\n            activeCollect = true;\n        }\n        var dailyReceivedDatastream = getVariableValue(parameterObject['daily_device_received_datastream']);\n        if (dailyReceivedDatastream) {\n            var counterValueWithResetMessage = getDatastreamFromEntity(dailyReceivedDatastream);\n            var counterValueWithReset = getDailyCounterValueFromMessageWithReset(counterValueWithResetMessage, receivedBytesDevice);\n            var reset = counterValueWithReset.reset;\n            var counterValue = counterValueWithReset.value;\n            values[dailyReceivedDatastream] = counterValue;\n            if (reset) {\n                if (counterValueWithReset.preValue != null) {\n                    dpValuesDaily[dailyReceivedDatastream] = counterValueWithReset.preValue;\n                }\n            }\n            activeCollect = true;\n        }\n        var monthlyReceivedDatastream = getVariableValue(parameterObject['monthly_device_received_datastream']);\n        if (monthlyReceivedDatastream) {\n            var counterValueWithResetMessage = getDatastreamFromEntity(monthlyReceivedDatastream);\n            var counterValueWithReset = getMonthlyCounterValueFromMessageWithReset(counterValueWithResetMessage, receivedBytesDevice);\n            var reset = counterValueWithReset.reset;\n            var counterValue = counterValueWithReset.value;\n            values[monthlyReceivedDatastream] = counterValue;\n            if (reset) {\n                if (counterValueWithReset.preValue != null) {\n                    dpValuesMonthly[monthlyReceivedDatastream] = counterValueWithReset.preValue;\n                }\n            }\n            activeCollect = true;\n        }\n    }\n    if (Object.keys(dpValuesDaily).length > 0 || Object.keys(dpCommsValuesDaily).length > 0) {\n        collectDataPoints(entity.resourceType._value._current.value, entity['provision.administration.identifier']._value._current.value, dpValuesDaily, dpCommsValuesDaily, getVariableValue(parameterObject['ttl_datapoints_collector_daily']));\n    }\n    if (Object.keys(dpValuesMonthly).length > 0 || Object.keys(dpCommsValuesMonthly).length > 0) {\n        collectDataPoints(entity.resourceType._value._current.value, entity['provision.administration.identifier']._value._current.value, dpValuesMonthly, dpCommsValuesMonthly, getVariableValue(parameterObject['ttl_datapoints_collector_monthly']));\n    }\n      if (activeCollect) collectDatastreams(values, commsValues, true, true);\n}"
  }
}