{
	"identifier": "collectionAsset",
	"name": "collectionAsset",
	"version": "8.0.0.0",
	"description": "Specific Datamodel to asset branch",
	"allowedResourceTypes": ["entity.asset"],
	"categories": [{
		"identifier": "assetCollectedInfo",
		"datastreams": [{
                "identifier": "asset.identifier",
                "name": "Identifier",
                "unit": {
                    "type": "basicSI",
                    "label": "",
                    "symbol": ""
                },
                "period": "PULSE",
                "tags": [
                    "dmm"
                ],
                "schema": { 
                    "$ref": "og_basic_types.json#/definitions/ogIdentifier"
                },
                "storage": {
                    "period": "NEVER"
                },
	            "required":false,
	            "modifiable":false,
                "platformHints": {
                    "structured":true,
                    "identifierField" : true,
                    "filter": {
                    	"allowExists": true
                    }
                }                
            },
            {
				"identifier": "asset.specificType",
				"name": "Specific type",
				"unit": {
					"type": "basicSI",
					"label": "",
					"symbol": ""
				},
				"period": "PULSE",
				"tags": [
					"dmm",
					"collection"
				],
				"schema": {
					"$ref": "og_basic_types.json#/definitions/assetSpecificType"
				},
				"views": {
					"edit": [],
					"show": []
				},
				"storage": {
					"period": "NEVER"
				},
				"icon": {
					"class": "fa fa-wpforms",
					"attributes": []
				}
			},
            {
                "identifier": "asset.name",
                "name": "Name",
                "unit": {
                    "type": "basicSI",
                    "label": "",
                    "symbol": ""
                },
                "period": "PULSE",
                "tags": [
                    "dmm",
                    "collection"
                ],
                "schema": { 
                    "type" : "string"
                },
                "views":{
                   "edit": [],
                   "show": []
                },
                "storage": {
                    "period": "NEVER"
                },
                "icon": {
                    "class": "fa fa-info",
                    "attributes": []
                }          
            },
            {
                "identifier": "asset.description",
                "name": "Description",
                "unit": {
                    "type": "basicSI",
                    "label": "",
                    "symbol": ""
                },
                "period": "PULSE",
                "tags": [
                    "dmm",
                    "collection"
                ],
                "schema": { 
                    "type" : "string"
                },
                "views":{
                   "edit": [],
                   "show": []
                },
                "storage": {
                    "period": "NEVER"
                },
                "icon": {
                    "class": "fa fa-info",
                    "attributes": []
                }          
            }]
	}]
}