{
	"identifier": "provisionAsset",
	"name": "provisionAsset",
	"version": "8.0.0.0",
	"description": "Specific Datamodel to provision asset branch",
	"allowedResourceTypes": ["entity.asset"],
	"categories": [{
		"identifier": "assetProvisionedInfo",
		"datastreams": [{
				"identifier": "provision.asset.identifier",
				"name": "Prov. Identifier",
				"unit": {
                    "type": "basicSI",
                    "label": "",
                    "symbol": ""
                },
                "period": "PULSE",
                "tags": [
                    "dmm",
                    "provision"
                ],
                "schema": {
                    "$ref": "og_basic_types.json#/definitions/ogIdentifier"
                },
                "storage": {
                    "period": "NEVER"
                },
                "required":false,
                "modifiable":false,
                "indexed":true,
                "platformHints": {
                    "structured":true,
                    "identifierField" : true,
                    "filter": {
                    	"allowExists": true
                    },
                    "provType" : "IDENTIFIER"
                }
			},
			{
				"identifier": "provision.asset.specificType",
				"name": "Prov. Specific type",
				"unit": {
					"type": "basicSI",
					"label": "",
					"symbol": ""
				},
				"period": "PULSE",
				"tags": [
					"dmm",
					"provision"
				],
				"schema": {
					"$ref": "og_basic_types.json#/definitions/assetSpecificType"
				},
				"views": {
					"edit": [],
					"show": []
				},
				"storage": {
					"period": "NEVER"
				}
			},
			{
				"identifier": "provision.asset.administrativeState",
				"name": "Prov. Administrative state",
				"unit": {
					"type": "basicSI",
					"label": "",
					"symbol": ""
				},
				"period": "PULSE",
				"tags": [
					"dmm",
					"provision"
				],
				"schema": {
					"$ref": "og_basic_types.json#/definitions/assetAdministrativeState"
				},
				"views": {
					"edit": [],
					"show": []
				}
			},
            {
                "identifier": "provision.asset.name",
                "name": "Prov. Name",
                "unit": {
                    "type": "basicSI",
                    "label": "",
                    "symbol": ""
                },
                "period": "PULSE",
                "tags": [
                    "dmm",
                    "provision"
                ],
                "schema": {
                    "type" : "string"
                },
                "views":{
                   "edit": [],
                   "show": []
                },
                "storage": {
                    "period": "NEVER"
                }
            },
            {
                "identifier": "provision.asset.description",
                "name": "Prov. Description",
                "unit": {
                    "type": "basicSI",
                    "label": "",
                    "symbol": ""
                },
                "period": "PULSE",
                "tags": [
                    "dmm",
                    "provision"
                ],
                "schema": {
                    "type" : "string"
                },
                "views":{
                   "edit": [],
                   "show": []
                },
                "storage": {
                    "period": "NEVER"
                }
            },
            {
                "identifier": "provision.asset.location",
                "name": "Prov. Location",
                "unit": {
                    "type": "basicSI",
                    "label": "",
                    "symbol": ""
                },
                "period": "INSTANT",
                "tags": [
                    "dmm",
                    "provision"
                ],
                "schema": { "$ref": "og_basic_types.json#/definitions/location" },
                "views":{
                   "edit": [],
                   "show": []
                },
                "platformHints": {
                	"structured" : true,
                    "filter": {
                      "allowExists": true
                    }
                }
            },
            {
                "identifier": "provision.asset.image",
                "name": "Prov. Image",
                "unit": {
                    "type": "basicSI",
                    "label": "",
                    "symbol": ""
                },
                "period": "PULSE",
                "tags": [
                    "dmm",
                    "provision"
                ],
				"schema": {
					"$ref": "og_basic_types.json#/definitions/ogImage"
				},
                "views":{
                   "edit": [],
                   "show": []
                },
                "platformHints": {
		   			 "structured" : true
                }
            },
            {
                "identifier": "provision.asset.related",
                "name": "Prov. Related",
                "unit": {
                  "type": "basicSI",
                  "label": "",
                  "symbol": ""
                },
                "period": "PULSE",
                "tags": [
                  "dmm",
                  "provision"
                ],
                "schema": {
                  "$ref": "og_basic_types.json#/definitions/arrayIdentifier"
                },
                "views":{
                  "edit": [],
                  "show": []
                },
                "calculated": true
              }
		]
	}]
}