{
  "identifier": "provisionDevice",
  "name": "provisionDevice",
  "version": "8.0.0.0",
  "description": "Specific Datamodel to provision device branch",
  "allowedResourceTypes":["entity.device"],
  "categories": [  
	{
        "identifier": "deviceProvisionedInfo",
        "datastreams": [
            {
                "identifier": "provision.device.identifier",
                "name": "Prov. Identifier",
                "unit": {
                    "type": "basicSI",
                    "label": "",
                    "symbol": ""
                },
                "period": "PULSE",
                "tags": [
                    "dmm",
                    "provision"
                ],
                "schema": { 
                    "$ref": "og_basic_types.json#/definitions/ogIdentifier"
                },
                "storage": {
                    "period": "NEVER"
                },
                "required":false,
                "modifiable":false,
                "indexed":true,
                "platformHints": {
                    "structured":true,
                    "identifierField" : true,
                    "filter": {
                    	"allowExists": true
                    },
                    "provType" : "IDENTIFIER"      
                }                
            },
            {
                "identifier": "provision.device.certificates",
                "name": "Prov. Certificates",
                "unit": {
                    "type": "basicSI",
                    "label": "",
                    "symbol": ""
                },
                "period": "INSTANT",
                "tags": [
                    "dmm",
                    "provision"
                ],
                "schema": {
                    "$ref" : "og_basic_types.json#/definitions/certificateList"
                },
                "storage": {
                    "period": "NEVER"
                },
                "required":false,
                "modifiable":true,
                "platformHints": {
                	"structured" : true
                }
            },
            {
                "identifier": "provision.device.specificType",
                "name": "Prov. Specific type",
                "unit": {
                    "type": "basicSI",
                    "label": "",
                    "symbol": ""
                },
                "period": "PULSE",
                "tags": [
                    "dmm",
                    "provision"
                ],
                "schema": { 
                    "$ref" : "og_basic_types.json#/definitions/deviceSpecificType"
                },
                "views":{
                   "edit": [],
                   "show": []
                },
                "storage": {
                    "period": "NEVER"
                }               
            },
            {
                "identifier": "provision.device.name",
                "name": "Prov. Name",
                "unit": {
                    "type": "basicSI",
                    "label": "",
                    "symbol": ""
                },
                "period": "PULSE",
                "tags": [
                    "dmm",
                    "provision"
                ],
                "schema": { 
                    "type" : "string"
                },
                "views":{
                   "edit": [],
                   "show": []
                },                
                "storage": {
                    "period": "NEVER"
                }          
            },
            {
                "identifier": "provision.device.description",
                "name": "Prov. Description",
                "unit": {
                    "type": "basicSI",
                    "label": "",
                    "symbol": ""
                },
                "period": "PULSE",
                "tags": [
                    "dmm",
                    "provision"
                ],
                "schema": { 
                    "type" : "string"
                },
                "views":{
                   "edit": [],
                   "show": []
                },                
                "storage": {
                    "period": "NEVER"
                }          
            },
            {
                "identifier": "provision.device.administrativeState",
                "name": "Prov. Administrative state",
                "unit": {
                    "type": "basicSI",
                    "label": "",
                    "symbol": ""
                },
                "period": "PULSE",
                "tags": [
                    "dmm",
                    "provision"
                ],
                "schema": { "$ref": "og_basic_types.json#/definitions/administrativeState" },
                "views":{
                   "edit": [],
                   "show": []
                }                
            },            
            {
                "identifier": "provision.device.serialNumber",
                "name": "Prov. Serial number",          
                "unit": {
                    "type": "basicSI",
                    "label": "",
                    "symbol": ""
                },
                "period": "PULSE",
                "tags": [
                    "dmm",
                    "provision"
                ],
                "schema": { 
                    "type" : "string"
                },
                "storage": {
                    "period": "NEVER"
                },
                "indexed":true,
                "platformHints": {
                    "structured": true,
                    "provType" : "IDENTIFIER"
                }
            },
            {
                "identifier": "provision.device.operationalStatus",
                "name": "Prov. Operational status",
                "unit": {
                    "type": "basicSI",
                    "label": "",
                    "symbol": ""
                },
                "period": "PULSE",
                "tags": [
                    "dmm",
                    "provision"
                ],
                "schema": { "$ref": "og_basic_types.json#/definitions/deviceOperationalStatus" },
                "views":{
                   "edit": [],
                   "show": []
                }                
            },                       
            {
                "identifier": "provision.device.model",
                "name": "Prov. Model",
                "unit": {
                    "type": "basicSI",
                    "label": "",
                    "symbol": ""
                },
                "period": "PULSE",
                "tags": [
                    "dmm",
                    "provision"
                ],
                "schema": { "$ref": "og_basic_types.json#/definitions/model" },
                "views":{
                   "edit": [],
                   "show": []
                },                
                "storage": {
                    "period": "NEVER"
                },
                "platformHints": {
                    "structured":true,
                    "summariable": true,
                    "provType" : "REFERENCE"
                }                
            },
            {
                "identifier": "provision.device.software",
                "name": "Prov. Software",
                "unit": {
                    "type": "basicSI",
                    "label": "",
                    "symbol": ""
                },
                "period": "PULSE",
                "tags": [
                    "dmm",
                    "provision"
                ],
                "schema": { "$ref": "og_basic_types.json#/definitions/softwareList" },
                "views":{
                   "edit": [],
                   "show": []
                },                
                "storage": {
                    "period": "NEVER"
                },
                "platformHints": {
                	"structured" : true,
                	"summariable": true
                }
            },
            {
                "identifier": "provision.device.topology.path",
                "name": "Prov. Path",
                "unit": {
                    "type": "basicSI",
                    "label": "",
                    "symbol": ""
                },
                "period": "PULSE",
                "tags": [
                    "dmm",
                    "provision"
                ],
                "schema": { "$ref": "og_basic_types.json#/definitions/topologyPath" },
                "views":{
                   "edit": [],
                   "show": []
                },
                "platformHints": {
                	"structured" : true,
                	"provType":"REFERENCE"
                }
            },
            {
                "identifier": "provision.device.location",
                "name": "Prov. Location",
                "unit": {
                    "type": "basicSI",
                    "label": "",
                    "symbol": ""
                },
                "period": "INSTANT",
                "tags": [
                    "dmm",
                    "provision"
                ],
                "schema": { "$ref": "og_basic_types.json#/definitions/location" },
                "views":{
                   "edit": [],
                   "show": []
                },
                "platformHints": {
                	"structured" : true,
                    "filter": {
                        "allowExists": true
                    }
                }
            },
            {
                "identifier": "provision.device.trustedBoot",
                "name": "Prov. Trusted boot",
                "unit": {
                    "type": "basicSI",
                    "label": "",
                    "symbol": ""
                },
                "period": "INSTANT",
                "tags": [
                    "dmm",
                    "provision"
                ],
                "schema": { 
                    "type": "string"
                },
                "views":{
                   "edit": [],
                   "show": []
                }                
            },
			{
				"identifier": "provision.device.clock",
				"name": "Prov. Clock",
				"unit": {
					"type": "basicSI",
					"label": "",
					"symbol": ""
				},
				"period": "INSTANT",
				"tags": [
					"dmm",
					"provision"
				],
				"schema": {
					"$ref": "og_basic_types.json#/definitions/datetime"
				},
                "views":{
                   "edit": [],
                   "show": []
                },
                "icon": {
                    "class": "fa fa-hourglass-end",
                    "attributes": []
                }
			},
            {
                "identifier": "provision.device.related",
                "name": "Prov. Related",
                "unit": {
                    "type": "basicSI",
                    "label": "",
                    "symbol": ""
                },
                "period": "PULSE",
                "tags": [
                    "dmm",
                    "provision"
                ],
                "schema": {
                    "$ref": "og_basic_types.json#/definitions/ogIdentifier"
                },
                "views": {
                    "edit": [],
                    "show": []
                },
                "storage": {
                    "period": "NEVER"
                }
            },
            {
                "identifier": "provision.device.image",
                "name": "Prov. Image",
                "unit": {
                    "type": "basicSI",
                    "label": "",
                    "symbol": ""
                },
                "period": "PULSE",
                "tags": [
                    "dmm",
                    "provision"
                ],
				"schema": {
					"$ref": "og_basic_types.json#/definitions/ogImage"
				},
                "views":{
                   "edit": [],
                   "show": []
                },
                "platformHints": {
                	"structured" : true
                }          
            }
        ]
    },  
    {
        "identifier": "commsModuleProvisionedInfo",
        "datastreams": [
            {
                "identifier": "provision.device.communicationModules[].identifier",
                "name": "Prov. CM identifier",
                "unit": {
                    "type": "basicSI",
                    "label": "",
                    "symbol": ""
                },
                "period": "PULSE",
                "tags": [
                    "dmm",
                    "provision"
                ],
                "schema": {
                     "type": "string"
                },
                "storage": {
                    "period": "NEVER"
                },
	            "required":true,
	            "modifiable":false,
	            "indexed":true,
                "platformHints": {
                	"structured" : true,
                    "identifierField" : true,
                    "filter": {
                    	"allowExists": true
                    },
                    "provType" : "IDENTIFIER"
                }
            },
            {
                "identifier": "provision.device.communicationModules[].sigfox.pac",
                "name": "provision.device.communicationModules[].sigfox.pac",
                "unit": {
                    "type": "basicSI",
                    "label": "",
                    "symbol": ""
                },
                "period": "PULSE",
                "tags": [
                    "dmm",
                    "provision",
                    "sigfox"
                ],
                "access": "READ",
                "schema":  {
                    "type": "string"
                },
                "required": false,
                "modifiable": true,
                "views": {
                    "edit": [],
                    "show": []
                }
            },
            {
                "identifier": "provision.device.communicationModules[].specificType",
                "name": "Prov. CM specific type",
                "unit": {
                    "type": "basicSI",
                    "label": "",
                    "symbol": ""
                },
                "period": "PULSE",
                "tags": [
                    "dmm",
                    "provision"
                ],
                "schema": { 
                    "$ref" : "og_basic_types.json#/definitions/commsModuleSpecificType"
                },
                "views":{
                   "edit": [],
                   "show": []
                },
                "storage": {
                    "period": "NEVER"
                }     
            },
            {
                "identifier": "provision.device.communicationModules[].name",
                "name": "Prov. CM name",
                "unit": {
                    "type": "basicSI",
                    "label": "",
                    "symbol": ""
                },
                "period": "PULSE",
                "tags": [
                    "dmm",
                    "provision"
                ],
                "schema": { 
                    "type" : "string"
                },
                "views":{
                   "edit": [],
                   "show": []
                },
                "storage": {
                    "period": "NEVER"
                }
            },
            {
                "identifier": "provision.device.communicationModules[].description",
                "name": "Prov. CM description",
                "unit": {
                    "type": "basicSI",
                    "label": "",
                    "symbol": ""
                },
                "period": "PULSE",
                "tags": [
                    "dmm",
                    "provision"
                ],
                "schema": { 
                    "type" : "string"
                },
                "views":{
                   "edit": [],
                   "show": []
                },
                "storage": {
                    "period": "NEVER"
                }          
            },            
            {
                "identifier": "provision.device.communicationModules[].serialNumber",
                "name": "Prov. CM serial number",
                "unit": {
                    "type": "basicSI",
                    "label": "",
                    "symbol": ""
                },
                "period": "PULSE",
                "tags": [
                    "dmm",
                    "provision"
                ],
                "schema": { 
                    "type" : "string"
                },
                "views":{
                   "edit": [],
                   "show": []
                },
                "storage": {
                    "period": "NEVER"
                }    
            },            
			{
                "identifier": "provision.device.communicationModules[].model",
                "name": "Prov. CM model",
                "unit": {
                    "type": "basicSI",
                    "label": "",
                    "symbol": ""
                },
                "period": "PULSE",
                "tags": [
                    "dmm",
                    "provision"
                ],
                "schema": { "$ref": "og_basic_types.json#/definitions/model" },
                "views":{
                   "edit": [],
                   "show": []
                },
                "storage": {
                    "period": "NEVER"
                },
                "platformHints": {
                    "structured":true,
                    "summariable": true,
                    "provType":"REFERENCE"
                    
                }                
            },
            {
                "identifier": "provision.device.communicationModules[].operationalStatus",
                "name": "Prov. CM operational status",
                "unit": {
                    "type": "basicSI",
                    "label": "",
                    "symbol": ""
                },
                "period": "PULSE",
                "tags": [
                    "dmm",
                    "provision"
                ],
                "schema": { "$ref": "og_basic_types.json#/definitions/commsModuleOperationalStatus" },
                "views":{
                   "edit": [],
                   "show": []
                }
            },                       
            {
                "identifier": "provision.device.communicationModules[].software",
                "name": "Prov. CM software",
                "unit": {
                    "type": "basicSI",
                    "label": "",
                    "symbol": ""
                },
                "period": "PULSE",
                "tags": [
                    "dmm",
                    "provision"
                ],
                "schema": { "$ref": "og_basic_types.json#/definitions/software" },
                "views":{
                   "edit": [],
                   "show": []
                },
                "storage": {
                    "period": "NEVER"
                },
                "platformHints": {
                    "structured":true,
                    "summariable": true
                }          
            },            
            {
                "identifier": "provision.device.communicationModules[].mobile.imei",
                "name": "Prov. CM IMEI",
                "unit": {
                    "type": "basicSI",
                    "label": "",
                    "symbol": ""
                },
                "period": "PULSE",
                "tags": [
                    "dmm",
                    "provision"
                ],
                "schema": { 
                    "type" : "string"
                },
                "views":{
                   "edit": [],
                   "show": []
                },
                "storage": {
                    "period": "NEVER"
                },
                "indexed":true,
                "platformHints": {
                	"structured" : true
                }               
            }			
        ]
    }
  ]
}
