{
  "identifier": "entity",
  "name": "entity",
  "version": "8.0.0.0",
  "description": "Specific Datamodel to entity",
  "allowedResourceTypes": [
    "entity.device",
    "entity.asset"
  ],
  "categories": [{
    "identifier": "entity",
    "datastreams": [{
      "identifier": "entity.areas",
      "name": "entity.areas",
      "unit": {
        "type": "basicSI",
        "label": "",
        "symbol": ""
      },
      "period": "PULSE",
      "tags": [
        "dmm"
      ],
      "schema": { "$ref": "og_basic_types.json#/definitions/areas" },
      "required":false,
      "modifiable":false,
      "platformHints": {
        "structured":true,
        "identifierField" : false,
        "filter": {
          "allowExists": true
        }
      }
    },
    {
      "identifier": "entity.location",
      "name": "entity.location",
      "unit": {
        "type": "basicSI",
        "label": "",
        "symbol": ""
      },
      "period": "INSTANT",
      "tags": [
          "dmm",
          "collection"
      ],
      "schema": { "$ref": "og_basic_types.json#/definitions/location" },
      "required":false,
      "modifiable":false,
      "platformHints": {
        "structured":true,
        "identifierField" : false,
        "filter": {
          "allowExists": true
        }
      }
    },
      {
        "identifier": "entity.alarms",
        "name": "entity.alarms",
        "unit": {
          "type": "basicSI",
          "label": "",
          "symbol": ""
        },
        "period": "INSTANT",
        "tags": [
          "dmm",
          "collection"
        ],
        "schema": {
          "$ref": "og_basic_types.json#/definitions/arrayString"
        },
        "required": false,
        "modifiable": true,
        "platformHints": {
          "structured": true,
          "identifierField": false,
          "filter": {
            "allowExists": true
          }
        }
      }]
  }]
}