{
  "identifier": "provisionGenericChannel",
  "name": "provisionGenericChannel",
  "version": "8.0.2.0",
  "description": "Define part of generic provision structure (channel)",
  "allowedResourceTypes": [
    "entity.asset",
    "entity.device",
    "entity.subscriber",
    "entity.subscription"
  ],
  "categories": [
    {
      "identifier": "provisionAdministrationChannel",
      "datastreams": [
        {
          "identifier": "provision.administration.channel",
          "name": "Prov. Channel",
          "unit": {
            "type": "basicSI",
            "label": "",
            "symbol": ""
          },
          "period": "PULSE",
          "tags": [
            "dmm",
            "provision"
          ],
          "schema": {
            "type": "string"
          },
          "storage": {
            "period": "NEVER"
          },
          "required": false,
          "modifiable": true,
          "indexed":true,
          "platformHints": {
            "structured": true,
            "summariable": true
          }
        }
      ]
    }
  ]
}