{
  "identifier": "provisionGenericOrganization",
  "name": "provisionGenericOrganization",
  "version": "8.0.2.0",
  "description": "Define part of generic provision structure (organization)",
  "allowedResourceTypes": [
    "entity.asset",
    "entity.device",
    "entity.subscriber",
    "entity.subscription",
    "ticket",
    "channel"
  ],
  "categories": [
    {
      "identifier": "provisionAdministrationOrganization",
      "datastreams": [
      	{
      	  "identifier": "provision.administration.organization",
	      "name": "Prov. Organization",
	      "unit": {
	        "type": "basicSI",
	        "label": "",
	        "symbol": ""
	      },
	      "period": "PULSE",
	      "tags": [
	        "ticket",
	        "dmm",
	        "provision"
	      ],
	      "schema": {
	        "type": "string"
	      },
	      "storage": {
	        "period": "NEVER"
	      },
	      "indexed":true,
	      "required": true,
	      "modifiable": false,
	      "platformHints": {
	        "structured": true,
	        "summariable": true
   		  }
        }
      ]
    }
  ]
}