{
	"identifier": "human",
	"name": "human",
	"allowedResourceTypes": ["entity.asset"],
	"version": "8.0.21.0",
	"description": "Human Provisioned and Collected Datamodel",
	"categories": [{
		"identifier": "humanProvisionedInfo",
		"datastreams": [{
				"identifier": "provision.human.identifier",
				"name": "Identifier",
				"unit": {
					"type": "basiSI",
					"label": "",
					"symbol": ""
				},
				"period": "PULSE",
				"tags": [
					"human",
					"collection"
				],
				"schema": {
					"type": "string"
				},
				"views": {
					"edit": [],
					"show": []
				},
				"storage": {
					"period": "NEVER"
				},
				"icon": {
					"class": "fa fa-wpforms",
					"attributes": []
				}
			},
			{
				"identifier": "provision.human.name",
				"name": "Name",
				"unit": {
					"type": "basiSI",
					"label": "",
					"symbol": ""
				},
				"period": "PULSE",
				"tags": [
					"human",
					"collection"
				],
				"schema": {
					"type": "string"
				},
				"views": {
					"edit": [],
					"show": []
				},
				"storage": {
					"period": "NEVER"
				},
				"icon": {
					"class": "fa fa-wpforms",
					"attributes": []
				}
			},
			{
				"identifier": "provision.human.surname",
				"name": "Surname",
				"unit": {
					"type": "basiSI",
					"label": "",
					"symbol": ""
				},
				"period": "PULSE",
				"tags": [
					"human",
					"collection"
				],
				"schema": {
					"type": "string"
				},
				"views": {
					"edit": [],
					"show": []
				},
				"storage": {
					"period": "NEVER"
				},
				"icon": {
					"class": "fa fa-wpforms",
					"attributes": []
				}
			},
			{
				"identifier": "provision.human.surname2",
				"name": "Surname2",
				"unit": {
					"type": "basiSI",
					"label": "",
					"symbol": ""
				},
				"period": "PULSE",
				"tags": [
					"human",
					"collection"
				],
				"schema": {
					"type": "string"
				},
				"views": {
					"edit": [],
					"show": []
				},
				"storage": {
					"period": "NEVER"
				},
				"icon": {
					"class": "fa fa-wpforms",
					"attributes": []
				}
			},
			{
				"identifier": "provision.human.birthdate",
				"name": "Birthdate",
				"unit": {
					"type": "basiSI",
					"label": "",
					"symbol": ""
				},
				"period": "PULSE",
				"tags": [
					"human",
					"collection"
				],
				"schema": {
					"$ref": "og_basic_types.json#/definitions/date"
				},
				"views": {
					"edit": [],
					"show": []
				},
				"storage": {
					"period": "NEVER"
				},
				"icon": {
					"class": "fa fa-wpforms",
					"attributes": []
				}
			},
			{
				"identifier": "provision.human.image",
				"name": "Image",
				"unit": {
					"type": "basiSI",
					"label": "",
					"symbol": ""
				},
				"period": "PULSE",
				"tags": [
					"human",
					"collection"
				],
				"schema": {
					"$ref": "og_basic_types.json#/definitions/ogImage"
				},
				"views": {
					"edit": [],
					"show": []
				},
				"icon": {
					"class": "fa fa-wpforms",
					"attributes": []
				},
				"platformHints": {
					"structured" : true
				}
			},
			{
				"identifier": "provision.human.email",
				"name": "Email",
				"period": "PULSE",
				"schema": {
					"type": "string"
				},
				"unit": {
					"type": "basiSI",
					"label": "",
					"symbol": ""
				},
				"storage": {
					"period": "NEVER"
				},
				"tags": [
					"human",
					"collection"
				],
				"views": {
					"edit": [],
					"show": []
				},
				"icon": {
					"class": "fa fa-wpforms",
					"attributes": []
				}
			},
			{
				"identifier": "provision.human.telephone",
				"name": "Telephone",
				"unit": {
					"type": "basiSI",
					"label": "",
					"symbol": ""
				},
				"period": "PULSE",
				"tags": [
					"human",
					"collection"
				],
				"schema": {
					"type": "string"
				},
				"storage": {
					"period": "NEVER"
				},
				"views": {
					"edit": [],
					"show": []
				},
				"icon": {
					"class": "fa fa-wpforms",
					"attributes": []
				}
			}			
		]
	}]
}