{
  "identifier": "ticket",
  "name": "ticket",
  "version": "8.0.21.0",
  "description": "Specific Datamodel to provision a ticket",
  "allowedResourceTypes": [
    "ticket"
  ],
  "categories": [
    {
      "identifier": "ticketInfo",
      "datastreams": [
        {
          "identifier": "provision.ticket.identifier",
          "name": "Identifier",
          "unit": {
            "type": "basicSI",
            "label": "",
            "symbol": ""
          },
          "period": "PULSE",
          "tags": [
            "ticket"
          ],
          "schema": {
            "$ref": "og_basic_types.json#/definitions/ogIdentifier"
          },
          "storage": {
            "period": "NEVER"
          },
          "required": false,
          "modifiable": false,
          "platformHints": {
            "structured": true,
            "identifierField": true,
            "filter": {
              "allowExists": true
            }
          }
        },
        {
          "identifier": "provision.ticket.name",
          "name": "Name",
          "unit": {
            "type": "basicSI",
            "label": "",
            "symbol": ""
          },
          "period": "PULSE",
          "tags": [
            "ticket"
          ],
          "schema": {
            "type": "string"
          },
          "views": {
            "edit": [],
            "show": []
          },
          "storage": {
            "period": "NEVER"
          },
          "required": false,
          "modifiable": true
        },
        {
          "identifier": "provision.ticket.description",
          "name": "Description",
          "unit": {
            "type": "basicSI",
            "label": "",
            "symbol": ""
          },
          "period": "PULSE",
          "tags": [
            "ticket"
          ],
          "schema": {
            "type": "string"
          },
          "storage": {
            "period": "NEVER"
          },
          "views": {
            "edit": [],
            "show": []
          },
          "required": false,
          "modifiable": true
        },
        {
          "identifier": "provision.ticket.location",
          "name": "Location",
          "unit": {
            "type": "basicSI",
            "label": "",
            "symbol": ""
          },
          "period": "INSTANT",
          "tags": [
            "dmm",
            "provision"
          ],
          "schema": {
            "$ref": "og_basic_types.json#/definitions/location"
          },
          "views": {
            "edit": [],
            "show": []
          },
          "platformHints": {
            "structured": true,
            "filter": {
                "allowExists": true
            }
          }
        },
        {
          "identifier": "provision.ticket.label",
          "name": "Label",
          "unit": {
            "type": "basicSI",
            "label": "",
            "symbol": ""
          },
          "period": "PULSE",
          "tags": [
            "ticket"
          ],
          "schema": {
            "$ref": "og_basic_types.json#/definitions/arrayString"
          },
          "storage": {
            "period": "NEVER"
          },
          "views": {
            "edit": [],
            "show": []
          },
          "required": false,
          "modifiable": true
        },
        {
          "identifier": "provision.ticket.type",
          "name": "Type",
          "unit": {
            "type": "basicSI",
            "label": "",
            "symbol": ""
          },
          "period": "PULSE",
          "tags": [
            "ticket"
          ],
          "schema": {
            "$ref": "og_basic_types.json#/definitions/ticketType"
          },
          "storage": {
            "period": "NEVER"
          },
          "required": false,
          "modifiable": true,
          "platformHints": {
            "summariable": true
          }
        },
        {
          "identifier": "provision.ticket.severity",
          "name": "Severity",
          "unit": {
            "type": "basicSI",
            "label": "",
            "symbol": ""
          },
          "period": "PULSE",
          "tags": [
            "ticket"
          ],
          "schema": {
            "$ref": "og_basic_types.json#/definitions/ticketSeverity"
          },
          "required": false,
          "modifiable": true,
          "platformHints": {
            "structured": false,
            "identifierField": false,
            "summariable": true
          }
        },
        {
          "identifier": "provision.ticket.priority",
          "name": "Priority",
          "unit": {
            "type": "basicSI",
            "label": "",
            "symbol": ""
          },
          "period": "PULSE",
          "tags": [
            "ticket"
          ],
          "schema": {
            "$ref": "og_basic_types.json#/definitions/ticketPriority"
          },
          "required": false,
          "modifiable": true,
          "platformHints": {
            "structured": false,
            "identifierField": false,
            "summariable": true
          }
        },
        {
          "identifier": "provision.ticket.reporter",
          "name": "Reporter",
          "unit": {
            "type": "basicSI",
            "label": "",
            "symbol": ""
          },
          "period": "PULSE",
          "tags": [
            "ticket"
          ],
          "schema": {
            "$ref": "og_basic_types.json#/definitions/ogIdentifier"
          },
          "storage": {
            "period": "NEVER"
          },
          "required": false,
          "modifiable": true,
          "platformHints": {
            "structured": false,
            "identifierField": false,
            "summariable": true
          }
        },
        {
          "identifier": "provision.ticket.owner",
          "name": "Owner",
          "unit": {
            "type": "basicSI",
            "label": "",
            "symbol": ""
          },
          "period": "PULSE",
          "tags": [
            "ticket"
          ],
          "schema": {
            "type": "string"
          },
          "required": false,
          "modifiable": true,
          "calculated": true,
          "platformHints": {
            "structured": false,
            "identifierField": false,
            "filter": {
              "allowExists": true
            },
            "summariable": true
          }
        },
        {
          "identifier": "provision.ticket.assignee",
          "name": "Assignee",
          "unit": {
            "type": "basicSI",
            "label": "",
            "symbol": ""
          },
          "period": "PULSE",
          "tags": [
            "ticket"
          ],
          "schema": {
            "$ref": "og_basic_types.json#/definitions/ogIdentifier"
          },
          "required": false,
          "modifiable": true,
          "platformHints": {
            "structured": false,
            "identifierField": false,
            "filter": {
              "allowExists": true
            },
            "summariable": true
          }
        },
        {
          "identifier": "provision.ticket.status",
          "name": "Status",
          "unit": {
            "type": "basicSI",
            "label": "",
            "symbol": ""
          },
          "period": "PULSE",
          "tags": [
            "ticket"
          ],
          "schema": {
            "$ref": "og_basic_types.json#/definitions/ticketStatus"
          },
          "required": true,
          "modifiable": true,
          "platformHints": {
            "structured": false,
            "identifierField": false,
            "summariable": true
          }
        },
        {
          "identifier": "provision.ticket.specificType",
          "name": "Specific type",
          "unit": {
            "type": "basicSI",
            "label": "",
            "symbol": ""
          },
          "period": "PULSE",
          "tags": [
            "ticket"
          ],
          "schema": {
            "$ref": "og_basic_types.json#/definitions/ticketSpecificType"
          },
          "views": {
            "edit": [],
            "show": []
          },
          "required": true,
          "modifiable": false,
          "platformHints": {
            "structured": false,
            "identifierField": false,
            "filter": {
              "allowExists": true
            },
            "summariable": true
          }
        },
        {
          "identifier": "provision.ticket.section",
          "name": "Section",
          "unit": {
            "type": "basicSI",
            "label": "",
            "symbol": ""
          },
          "period": "PULSE",
          "tags": [
            "ticket"
          ],
          "schema": {
            "type": "string"
          },
          "storage": {
            "period": "NEVER"
          },
          "required": false,
          "modifiable": true,
          "platformHints": {
            "structured": false,
            "identifierField": false,
            "filter": {
              "allowExists": true
            },
            "summariable": true
          }
        },
        {
          "identifier": "provision.ticket.entity",
          "name": "Entity",
          "unit": {
            "type": "basicSI",
            "label": "",
            "symbol": ""
          },
          "period": "PULSE",
          "tags": [
            "ticket"
          ],
          "schema": {
            "$ref": "og_basic_types.json#/definitions/ogIdentifierUnreferenced"
          },
          "required": false,
          "modifiable": false,
          "platformHints": {
            "structured": true,
            "identifierField": false,
            "filter": {
              "allowExists": true
            },
            "summariable": true
          }
        },
        {
          "identifier": "provision.ticket.creationDate",
          "name": "Creation date",
          "unit": {
            "type": "basicSI",
            "label": "",
            "symbol": ""
          },
          "period": "INSTANT",
          "tags": [
            "ticket"
          ],
          "schema": {
            "$ref": "og_basic_types.json#/definitions/timestamp"
          },
          "storage": {
            "period": "NEVER"
          },
          "required": false,
          "modifiable": false,
          "calculated": true
        },
        {
          "identifier": "provision.ticket.reporterDate",
          "name": "Reporter date",
          "unit": {
            "type": "basicSI",
            "label": "",
            "symbol": ""
          },
          "period": "INSTANT",
          "tags": [
            "ticket"
          ],
          "schema": {
            "$ref": "og_basic_types.json#/definitions/timestamp"
          },
          "storage": {
            "period": "NEVER"
          },
          "required": false,
          "modifiable": true
        },
        {
          "identifier": "provision.ticket.assignedDate",
          "name": "Assigned date",
          "unit": {
            "type": "basicSI",
            "label": "",
            "symbol": ""
          },
          "period": "INSTANT",
          "tags": [
            "ticket"
          ],
          "schema": {
            "$ref": "og_basic_types.json#/definitions/timestamp"
          },
          "required": false,
          "modifiable": true,
          "calculated": true,
          "platformHints": {
            "filter": {
              "allowExists": true
            }
          }
        },
        {
          "identifier": "provision.ticket.answeredDate",
          "name": "Answered date",
          "unit": {
            "type": "basicSI",
            "label": "",
            "symbol": ""
          },
          "period": "INSTANT",
          "tags": [
            "ticket"
          ],
          "schema": {
            "$ref": "og_basic_types.json#/definitions/timestamp"
          },
          "required": false,
          "modifiable": true,
          "calculated": true,
          "platformHints": {
            "filter": {
              "allowExists": true
            }
          }
        },
        {
          "identifier": "provision.ticket.updatedDate",
          "name": "Updated date",
          "unit": {
            "type": "basicSI",
            "label": "",
            "symbol": ""
          },
          "period": "INSTANT",
          "tags": [
            "ticket"
          ],
          "schema": {
            "$ref": "og_basic_types.json#/definitions/timestamp"
          },
          "required": false,
          "modifiable": true,
          "calculated": true,
          "platformHints": {
            "filter": {
              "allowExists": true
            }
          }
        },
        {
          "identifier": "provision.ticket.restorationDate",
          "name": "Restoration date",
          "unit": {
            "type": "basicSI",
            "label": "",
            "symbol": ""
          },
          "period": "INSTANT",
          "tags": [
            "ticket"
          ],
          "schema": {
            "$ref": "og_basic_types.json#/definitions/timestamp"
          },
          "required": false,
          "modifiable": true,
          "calculated": true,
          "platformHints": {
            "filter": {
              "allowExists": true
            }
          }
        },
        {
          "identifier": "provision.ticket.resolutionDate",
          "name": "Resolution date",
          "unit": {
            "type": "basicSI",
            "label": "",
            "symbol": ""
          },
          "period": "INSTANT",
          "tags": [
            "ticket"
          ],
          "schema": {
            "$ref": "og_basic_types.json#/definitions/timestamp"
          },
          "required": false,
          "modifiable": true,
          "calculated": true,
          "platformHints": {
            "filter": {
              "allowExists": true
            }
          }
        },
        {
          "identifier": "provision.ticket.closedDate",
          "name": "Closed date",
          "unit": {
            "type": "basicSI",
            "label": "",
            "symbol": ""
          },
          "period": "INSTANT",
          "tags": [
            "ticket"
          ],
          "schema": {
            "$ref": "og_basic_types.json#/definitions/timestamp"
          },
          "storage": {
            "period": "NEVER"
          },
          "required": false,
          "modifiable": false,
          "calculated": true,
          "platformHints": {
            "filter": {
              "allowExists": true
            }
          }
        },
    		{
    			"identifier": "provision.ticket.parentTicket",
    			"name": "Parent ticket",
    			"period": "PULSE",
    			"schema": {
    				"$ref": "og_basic_types.json#/definitions/ogIdentifier"
    			},
    			"unit": {
    				"type": "basicSI",
    				"label": "",
    				"symbol": ""
    			},
    			"storage": {
    				"period": "NEVER"
    			},
    			"required": false,
    			"modifiable": true,
    			"tags": [
    				"ticket"
    			],
    			"platformHints": {
    				"structured": true,
    				"identifierField": true,
    				"filter": {
    					"allowExists": true
    				}
    			}
    		},
    		{
    			"identifier": "provision.ticket.isOnSLA",
    			"name": "Identifier",
    			"period": "PULSE",
    			"schema": {
    				"type": "boolean"
    			},
    			"unit": {
    				"type": "basicSI",
    				"label": "",
    				"symbol": ""
    			},
    			"storage": {
    				"period": "NEVER"
    			},
    			"required": false,
    			"modifiable": true,
    			"tags": [
    				"ticket"
    			]
    		},
    		{
    			"identifier": "provision.ticket.assignationTime",
    			"name": "Assignation time",
    			"unit": {
    				"type": "basicSI",
    				"label": "",
    				"symbol": ""
    			},
    			"period": "INSTANT",
    			"tags": [
    				"ticket"
    			],
    			"schema": {
    				"type": "number"
    			},
    			"storage": {
    				"period": "NEVER"
    			},
    			"required": false,
    			"modifiable": false,
    			"calculated": true
    		},
    		{
    			"identifier": "provision.ticket.answeringTime",
    			"name": "Answering time",
    			"unit": {
    				"type": "basicSI",
    				"label": "",
    				"symbol": ""
    			},
    			"period": "INSTANT",
    			"tags": [
    				"ticket"
    			],
    			"schema": {
    				"type": "number"
    			},
    			"storage": {
    				"period": "NEVER"
    			},
    			"required": false,
    			"modifiable": false,
    			"calculated": true
    		},
    		{
    			"identifier": "provision.ticket.restorationTime",
    			"name": "Restoration time",
    			"unit": {
    				"type": "basicSI",
    				"label": "",
    				"symbol": ""
    			},
    			"period": "INSTANT",
    			"tags": [
    				"ticket"
    			],
    			"schema": {
    				"type": "number"
    			},
    			"storage": {
    				"period": "NEVER"
    			},
    			"required": false,
    			"modifiable": false,
    			"calculated": true
    		},
    		{
    			"identifier": "provision.ticket.resolutionTime",
    			"name": "Resolution time",
    			"unit": {
    				"type": "basicSI",
    				"label": "",
    				"symbol": ""
    			},
    			"period": "INSTANT",
    			"tags": [
    				"ticket"
    			],
    			"schema": {
    				"type": "number"
    			},
    			"storage": {
    				"period": "NEVER"
    			},
    			"required": false,
    			"modifiable": false,
    			"calculated": true
    		},
    		{
    			"identifier": "provision.ticket.confirmationTime",
    			"name": "Confirmation time",
    			"unit": {
    				"type": "basicSI",
    				"label": "",
    				"symbol": ""
    			},
    			"period": "INSTANT",
    			"tags": [
    				"ticket"
    			],
    			"schema": {
    				"type": "number"
    			},
    			"storage": {
    				"period": "NEVER"
    			},
    			"required": false,
    			"modifiable": false,
    			"calculated": true
    		},
        {
          "identifier": "provision.ticket.closedTime",
          "name": "Closed time",
          "unit": {
            "type": "basicSI",
            "label": "",
            "symbol": ""
          },
          "period": "INSTANT",
          "tags": [
            "ticket"
          ],
          "schema": {
            "type": "number"
          },
          "storage": {
            "period": "NEVER"
          },
          "required": false,
          "modifiable": false,
          "calculated": true
        }    		
      ]
    }
  ]
}