{
  "rule": {
    "name": "identificationConflict",
    "mode": "ADVANCED",
    "description": "Collected data found for unknown or more than one matching devices",
    "organization": "root",
    "channel": "default_channel",
    "type": {
      "name": "DATASTREAM",
      "datastreams": [
        {
          "name": "device.identification.conflict",
          "fields": [
            {
              "field": "._current.value",
              "alias": "identification conflict value"
            }
          ],
          "prefilter": false
        },
        {
          "name": "device.identification.unknown",
          "fields": [
            {
              "field": "._current.value",
              "alias": " identification unknown value"
            }
          ],
          "prefilter": false
        }
      ]
    },
    "active": true,
    "javascript": "var conflict = entity['device.identification.conflict'];\nif (conflict && conflict._value._received) {\n    openAlarmWithExtraInfo(null, ruleName, ruleName, 'URGENT', 'MEDIUM', 'Identification conflict', conflict._value._received[0].value);\n} else {\n    var unknown = entity['device.identification.unknown'];\n    if (unknown && unknown._value._received) {\n        openAlarmWithExtraInfo(null, ruleName, ruleName, 'URGENT', 'MEDIUM', 'Identification conflict', unknown._value._received[0].value);\n    }\n}"
  }
}