{
	"identifier": "bts",
	"name": "bts",
	"allowedResourceTypes": ["entity.asset"],
	"version": "8.0.32.0",
	"description": "BTS Datamodel",
	"categories": [{
		"identifier": "btsProvisionedInfo",
		"datastreams": [{
				"identifier": "provision.btsOperator",
				"name": "btsOperator",
				"unit": {
                    "type": "basicSI",
                    "label": "",
                    "symbol": "%"
                },
                "period": "PULSE",
                "tags": [
                  "dmm",
                  "provision"
                ],
                "schema": {
                    "type" : "string"
                },
                "views":{
                  "edit": [],
                  "show": []
                }
			}
		]
	},
	{
		"identifier": "btsCollectedInfo",
		"datastreams": [{
				"identifier": "btsIpPercentage",
				"name": "btsIpPercentage",
				"unit": {
                    "type": "basicSI",
                    "label": "",
                    "symbol": "%"
                },
                "period": "PULSE",
                "tags": [
                  "analytics", "bts"
                ],
                "schema": {"$ref": "og_basic_types.json#/definitions/percentage"},
                "views":{
                  "edit": [],
                  "show": []
                }
			},
			{
				"identifier": "btsDataContextPercentage",
				"name": "btsDataContextPercentage",
				"unit": {
                    "type": "basicSI",
                    "label": "",
                    "symbol": "%"
                },
                "period": "PULSE",
                "tags": [
                  "analytics",
                  "collection"
                ],
                "schema": {"$ref": "og_basic_types.json#/definitions/percentage"},
                "views":{
                  "edit": [],
                  "show": []
                }
			},
			{
				"identifier": "btsUnknownPercentage",
				"name": "btsUnknownPercentage",
				"unit": {
                    "type": "basicSI",
                    "label": "",
                    "symbol": "%"
                },
                "period": "PULSE",
                "tags": [
                  "analytics",
                  "collection"
                ],
                "schema": {"$ref": "og_basic_types.json#/definitions/percentage"},
                "views":{
                  "edit": [],
                  "show": []
                }
			},
			{
				"identifier": "btsGsmPercentage",
				"name": "btsGsmPercentage",
				"unit": {
                    "type": "basicSI",
                    "label": "",
                    "symbol": "%"
                },
                "period": "PULSE",
                "tags": [
                  "analytics",
                  "collection"
                ],
                "schema": {"$ref": "og_basic_types.json#/definitions/percentage"},
                "views":{
                  "edit": [],
                  "show": []
                }
			}
		]
	}]
}