{
  "identifier": "provisionChannel",
  "name": "provisionChannel",
  "version": "8.0.2.0",
  "description": "Specific Datamodel to provision a channel",
  "allowedResourceTypes": [
    "channel"
  ],
  "categories": [
    {
      "identifier": "channelProvisionInfo",
      "datastreams": [
        {
          "identifier": "provision.channel.identifier",
          "name": "Prov. Identifier",
          "unit": {
            "type": "basicSI",
            "label": "",
            "symbol": ""
          },
          "period": "PULSE",
          "tags": [
            "channel"
          ],
          "schema": {
            "$ref": "og_basic_types.json#/definitions/ogIdentifier"
          },
          "storage": {
            "period": "NEVER"
          },
          "required": true,
          "modifiable": false,
          "platformHints": {
            "structured": true,
            "identifierField": true
          }
        },
        {
          "identifier": "provision.channel.removable",
          "name": "Prov. Removable",
          "unit": {
            "type": "basicSI",
            "label": "",
            "symbol": ""
          },
          "period": "PULSE",
          "tags": [
            "channel"
          ],
          "schema": {
            "type": "boolean"
          },
          "storage": {
            "period": "NEVER"
          },
          "required": true,
          "modifiable": false
        },
        {
          "identifier": "provision.channel.description",
          "name": "Description",
          "unit": {
            "type": "basicSI",
            "label": "",
            "symbol": ""
          },
          "period": "PULSE",
          "tags": [
            "channel"
          ],
          "schema": {
            "type": "string"
          },
          "storage": {
            "period": "NEVER"
          },
          "views": {
            "edit": [],
            "show": []
          },
          "required": false,
          "modifiable": true
        },
        {
          "identifier": "provision.channel.certificates",
          "name": "Prov. Certificates",
          "unit": {
            "label": "",
            "symbol": "",
            "type": "basicSI"
          },
          "period": "PULSE",
          "tags": [
            "dmm",
            "provision"
          ],
          "schema": {
			"$ref": "og_basic_types.json#/definitions/certificateList"          
		  },
          "storage": {
            "period": "NEVER"
          },
          "modifiable": true,
          "required": false
        }
      ]
    }
  ]
}