{
  "identifier": "collectionDevice",
  "name": "collectionDevice",
  "version": "8.0.0.0",
  "description": "Specific Datamodel to device branch",
  "allowedResourceTypes":["entity.device"],
  "categories": [  
	{
        "identifier": "deviceCollectedInfo",
        "datastreams": [
            {
                "identifier": "device.identifier",
                "name": "Identifier",
                "unit": {
                    "type": "basicSI",
                    "label": "",
                    "symbol": ""
                },
                "period": "PULSE",
                "tags": [
                    "dmm"
                ],
                "schema": { 
                    "$ref": "og_basic_types.json#/definitions/ogIdentifier"
                },
                "storage": {
                    "period": "NEVER"
                },
	            "required":false,
	            "modifiable":false,
	            "indexed":true,
                "platformHints": {
                    "structured":true,
                    "identifierField" : true,
                    "filter": {
                    	"allowExists": true
                    }
                }                
            },
            {
                "identifier": "device.specificType",
                "name": "Specific type",
                "unit": {
                    "type": "basicSI",
                    "label": "",
                    "symbol": ""
                },
                "period": "PULSE",
                "tags": [
                    "dmm",
                    "collection"
                ],
                "schema": { 
                    "$ref" : "og_basic_types.json#/definitions/deviceSpecificType"
                },
                "views":{
                   "edit": [],
                   "show": []
                },
                "storage": {
                    "period": "NEVER"
                },
                "platformHints": {
                    "summariable":true
                },
                "icon": {
                    "class": "fa fa-wpforms",
                    "attributes": []
                }
            },
            {
                "identifier": "device.name",
                "name": "Name",
                "unit": {
                    "type": "basicSI",
                    "label": "",
                    "symbol": ""
                },
                "period": "PULSE",
                "tags": [
                    "dmm",
                    "collection"
                ],
                "schema": { 
                    "type" : "string"
                },
                "views":{
                   "edit": [],
                   "show": []
                },
                "storage": {
                    "period": "NEVER"
                },
                "icon": {
                    "class": "fa fa-info",
                    "attributes": []
                }          
            },
            {
                "identifier": "device.description",
                "name": "Description",
                "unit": {
                    "type": "basicSI",
                    "label": "",
                    "symbol": ""
                },
                "period": "PULSE",
                "tags": [
                    "dmm",
                    "collection"
                ],
                "schema": { 
                    "type" : "string"
                },
                "views":{
                   "edit": [],
                   "show": []
                },
                "storage": {
                    "period": "NEVER"
                },
                "icon": {
                    "class": "fa fa-info",
                    "attributes": []
                }          
            },
            {
                "identifier": "device.birthDate",
                "name": "Birthdate",
                "unit": {
                    "type": "basicSI",
                    "label": "",
                    "symbol": ""
                },
                "period": "PULSE",
                "tags": [
                    "dmm",
                    "collection"
                ],
                "schema": { 
                    "type" : "string"
                },
                "views":{
                   "edit": [],
                   "show": []
                },
                "storage": {
                    "period": "NEVER"
                },
                "icon": {
                    "class": "fa fa-info",
                    "attributes": []
                }          
            },
            {
                "identifier": "device.serialNumber",
                "name": "Serial number",
                "unit": {
                    "type": "basicSI",
                    "label": "",
                    "symbol": ""
                },
                "period": "PULSE",
                "tags": [
                    "dmm",
                    "collection"
                ],
                "schema": { 
                    "type" : "string"
                },
                "views":{
                   "edit": [],
                   "show": []
                },
                "storage": {
                    "period": "NEVER"
                },
                "indexed":true,
                "platformHints": {
                    "structured":true,
                    "filter": {
                        "allowExists": true
                    }
                },
                "icon": {
                    "class": "fa fa-id-card",
                    "attributes": []
                }       
            },
            {
                "identifier": "device.model",
                "name": "Model",
                "unit": {
                    "type": "basicSI",
                    "label": "",
                    "symbol": ""
                },
                "period": "PULSE",
                "tags": [
                    "dmm",
                    "collection"
                ],
                "schema": { "$ref": "og_basic_types.json#/definitions/model" },
                "views":{
                   "edit": [],
                   "show": []
                },
                "storage": {
                    "period": "NEVER"
                },
                "platformHints": {
                    "structured":true,
                    "summariable":true
                },
                "icon": {
                    "class": "fa fa-copyright",
                    "attributes": []
                }                
            },
            {
                "identifier": "device.software",
                "name": "Software",
                "unit": {
                    "type": "basicSI",
                    "label": "",
                    "symbol": ""
                },
                "period": "PULSE",
                "tags": [
                    "dmm",
                    "collection"
                ],
                "schema": { "$ref": "og_basic_types.json#/definitions/softwareList" },
                "views":{
                   "edit": [],
                   "show": []
                },
                "storage": {
                    "period": "NEVER"
                },
                "platformHints": {
                    "structured":true,
                    "summariable":true
                },
                "icon": {
                    "class": "fa fa-cogs",
                    "attributes": []
                }         
            },
            {
                "identifier": "device.operationalStatus",
                "name": "Operational status",
                "unit": {
                    "type": "basicSI",
                    "label": "",
                    "symbol": ""
                },
                "period": "PULSE",
                "tags": [
                    "dmm",
                    "collection"
                ],
                "schema": { "$ref": "og_basic_types.json#/definitions/deviceOperationalStatus" },
                "views":{
                   "edit": [],
                   "show": []
                },
                "icon": {
                    "class": "fa fa-check-square-o",
                    "attributes": []
                },
				"qrating": {
					"version": "1.0.0",
					"min_required": {
					  "value": 0,
					  "label": "ALARM/UNKNOWN/DOWN"
					},
					"min_desired": {
					  "value": 50,
					  "label": "SAFE_MODE/TAMPER/TEST"
					},
					"ideal": {
					  "value": 100,
					  "label": "NORMAL"
					},
					"max_desired": {
					  "value": 100,
					  "label": "NORMAL"
					},
					"max_allowed": {
					  "value": 100,
					  "label": "NORMAL"
					},
					"max_score": 1000,
					"conversion_matrix": {
					  "NORMAL": 100,
					  "SAFE_MODE": 75,
					  "TAMPER": 50,
					  "TEST": 30,
					  "DOWN": 15,
					  "ALARM": 10,
					  "UNKNOWN": 0
					}
				}				
            },
            {
                "identifier": "device.administrativeState",
                "name": "Administrative state",
                "unit": {
                    "type": "basicSI",
                    "label": "",
                    "symbol": ""
                },
                "period": "PULSE",
                "tags": [
                    "dmm",
                    "provision"
                ],
                "schema": { "$ref": "og_basic_types.json#/definitions/administrativeState" },
                "views":{
                   "edit": [],
                   "show": []
                }                
            },            
            {
                "identifier": "device.topology.path",
                "name": "Path",
                "unit": {
                    "type": "basicSI",
                    "label": "",
                    "symbol": ""
                },
                "period": "PULSE",
                "tags": [
                    "dmm",
                    "collection"
                ],
                "schema": { "$ref": "og_basic_types.json#/definitions/topologyPath" },
                "views":{
                   "edit": [],
                   "show": []
                },
                "platformHints": {
                    "structured":true
                },
                "icon": {
                    "class": "fa fa-sitemap",
                    "attributes": []
                }
            },
            {
                "identifier": "device.trustedBoot",
                "name": "Trusted boot",
                "unit": {
                    "type": "basicSI",
                    "label": "",
                    "symbol": ""
                },
                "period": "INSTANT",
                "tags": [
                    "dmm",
                    "collection"
                ],
                "schema": { 
                    "type": "string"
                },
                "views":{
                   "edit": [],
                   "show": []
                },
                "icon": {
                    "class": "fa fa-toggle-on",
                    "attributes": []
                }
            },
			{
				"identifier": "device.upTime",
				"name": "Up time",
				"unit": {
					"type": "basicSI",
					"label": "seconds",
					"symbol": "s"
				},
				"period": "CUMULATIVE",
				"tags": [
					"dmm",
					"status"
				],
				"schema": {
					"type": "number"
				},
                "views":{
                   "edit": [],
                   "show": []
                },
                "icon": {
                    "class": "fa fa-hourglass-end",
                    "attributes": []
                }
			},
			{
				"identifier": "device.clock",
				"name": "Clock",
				"unit": {
					"type": "basicSI",
					"label": "",
					"symbol": ""
				},
				"period": "INSTANT",
				"tags": [
					"dmm",
					"status"
				],
				"schema": {
					"$ref": "og_basic_types.json#/definitions/datetime"
				},
                "views":{
                   "edit": [],
                   "show": []
                },
                "icon": {
                    "class": "fa fa-hourglass-end",
                    "attributes": []
                }
			},
            {
                "identifier": "device.sessionType",
                "name": "Session type",
                "unit": {
                    "type": "basicSI",
                    "label": "",
                    "symbol": ""
                },
                "period": "PULSE",
                "tags": [
                    "dmm",
                    "collection"
                ],
                "schema": { 
                    "type": "string"
                },
                "views":{
                   "edit": [],
                   "show": []
                },
                "storage": {
                    "period": "NEVER"
                },
                "platformHints": {
                    "summariable":true
                },
                "icon": {
                    "class": "fa fa-wpforms",
                    "attributes": []
                }
            }
        ]
    },
    {
        "identifier": "devicePerformanceCollectedInfo",
        "datastreams": [
            {
                "identifier": "device.performance",
                "name": "Performance",
                "unit": {
                    "type": "basicSI",
                    "label": "",
                    "symbol": "%"
                },
                "period": "PULSE",
                "tags": [
                  "dmm",
                  "collection"
                ],
                "schema": { "$ref": "og_basic_types.json#/definitions/percentage" },
                "views":{
                  "edit": [],
                  "show": []
                },
                "storage": {
                  "period": "NEVER"
                },
                "platformHints": {
                  "structured":true
                }                
            }
        ]
    },
    {
      "identifier": "deviceCpuCollectedInfo",
      "datastreams": [
        {
            "identifier": "device.cpu.status",
            "name": "CPU status",
            "unit": {
                "type": "basicSI",
                "label": "",
                "symbol": ""
            },
            "period": "INSTANT",
            "tags": [
                "dmm",
                "cpu"
            ],
            "schema": { 
                "$ref" : "og_basic_types.json#/definitions/cpuStatus"
            },
            "views":{
                "edit": [],
                "show": []
            },
            "icon": {
                "class": "fa fa-microchip",
                "attributes": []
            },
            "qrating": {
                "version": "1.0.0",
                "min_required": {
                  "value": 0,
                  "label": "IDLE"
                },
                "min_desired": {
                  "value": 0,
                  "label": "IDLE/WORKING"
                },
                "ideal": {
                  "value": 2,
                  "label": "WORKING"
                },
                "max_desired": {
                  "value": 50,
                  "label": "STRESSED"
                },
                "max_allowed": {
                  "value": 100,
                  "label": "OVERLOAD"
                },
                "max_score": 1000
            }
        },
        {
            "identifier": "device.cpu.usage",
            "name": "CPU usage",
            "unit": {
                "type": "basicSI",
                "label": "",
                "symbol": ""
            },
            "period": "INSTANT",
            "tags": [
                "dmm",
                "cpu"
            ],
            "schema": { "$ref": "og_basic_types.json#/definitions/percentage"},
            "views":{
               "edit": [],
               "show": []
            },
            "icon": {
                "class": "fa fa-microchip",
                "attributes": []
            },
            "qrating": {
                "version": "1.0.0",
                "min_required": {
                  "value": 0,
                  "label": "FREE"
                },
                "min_desired": {
                  "value": 0,
                  "label": "FREE"
                },
                "ideal": {
                  "value": 5,
                  "label": "NORMAL"
                },
                "max_desired": {
                  "value": 70,
                  "label": "MEDIUM"
                },
                "max_allowed": {
                  "value": 100,
                  "label": "FULL"
                },
                "max_score": 1000
            }		  
        },
        {
            "identifier": "device.cpu.total",
            "name": "CPU total",
            "unit": {
                "type": "basicSI",
                "label": "",
                "symbol": ""
            },
            "period": "INSTANT",
            "tags": [
                "dmm",
                "cpu"
            ],
            "schema": { "type": "number" },
            "views":{
               "edit": [],
               "show": []
            },
            "icon": {
                "class": "fa fa-microchip",
                "attributes": []
            }
        }		
      ]
    },
    {
      "identifier": "deviceTemperatureCollectedInfo",
      "datastreams": [
        {
            "identifier": "device.temperature.value",
            "name": "Temperature",
            "unit": {
                "type": "basicSI",
                "label": "degress",
                "symbol": "°C"
            },
            "period": "INSTANT",
            "tags": [
                "dmm",
                "temperature",
                "degrees"
            ],
            "schema": {
                "type": "number"
            },
            "views":{
                "edit": [],
                "show": []
            },
            "icon": {
                "class": "fa fa-thermometer-full",
                "attributes": []
            }
        },
		{
            "identifier": "device.temperature.status",
            "name": "Temperature status",
            "unit": {
                "type": "basicSI",
                "label": "",
                "symbol": ""
            },
            "period": "INSTANT",
            "tags": [
                "dmm",
                "temperature",
                "status"
            ],
            "schema": {"$ref":"og_basic_types.json#/definitions/temperatureStatus"},
            "views":{
                "edit": [],
                "show": []
            },
            "icon": {
                "class": "fa fa-thermometer-full",
                "attributes": []
            },
            "qrating": {
                "version": "1.0.0",
                "min_required": {
                  "value": -50,
                  "label": "LOW_CRITICAL"
                },
                "min_desired": {
                  "value": -25,
                  "label": "LOW_WARNING"
                },
                "ideal": {
                  "value": 0,
                  "label": "NORMAL"
                },
                "max_desired": {
                  "value": 25,
                  "label": "HIGH_WARNING"
                },
                "max_allowed": {
                  "value": 50,
                  "label": "HIGH_CRITICAL"
                },
                "max_score": 1000,
                "conversion_matrix": {
                  "LOW_CRITICAL": -50,
                  "LOW_WARNING": -25,
                  "NORMAL": 0,
                  "HIGH_WARNING": 25,
                  "HIGH_CRITICAL": 50
                }
            }
        }
      ]
    },
    {
      "identifier": "devicePowerSupplyCollectedInfo",
      "datastreams": [
        {
            "identifier": "device.powersupply.status",
            "name": "Powersupply status",
            "unit": {
                "type": "basicSI",
                "label": "",
                "symbol": ""
            },
            "period": "INSTANT",
            "tags": [
                "dmm",
                "power",
                "status"
            ],
            "schema": {"$ref":"og_basic_types.json#/definitions/powerSupplyStatus"},
            "views":{
                "edit": [],
                "show": []
            },
            "icon": {
                "class": "fa fa-plug",
                "attributes": []
            },                    
            "qrating": {
                "version": "1.0.0",
                "min_required": {
                  "value": 0,
                  "label": "UNKNOWN"
                },
                "min_desired": {
                  "value": 50,
                  "label": "UNPLUGGED/PLUGGED_CHARGING"
                },
                "ideal": {
                  "value": 100,
                  "label": "PLUGGED_CHARGED"
                },
                "max_desired": {
                  "value": 100,
                  "label": "PLUGGED_CHARGED"
                },
                "max_allowed": {
                  "value": 100,
                  "label": "PLUGGED_CHARGED"
                },
                "max_score": 1000,
                "conversion_matrix": {
                  "PLUGGED_CHARGED": 100,
                  "PLUGGED_CHARGING": 65,
                  "UNPLUGGED": 35,
                  "OUTAGE": 10,
                  "UNKNOWN": 0
                }
              
            }
        },
        {
            "identifier": "device.powersupply.source",
            "name": "Powersupply source",
            "unit": {
                "type": "basicSI",
                "label": "",
                "symbol": ""
            },
            "period": "INSTANT",
            "tags": [
                "dmm",
                "power",
                "source"
            ],
            "schema": {"$ref":"og_basic_types.json#/definitions/powerSupplySource"},
            "views":{
                "edit": [],
                "show": []
            },
            "icon": {
                "class": "fa fa-plug",
                "attributes": []
            },          
            "qrating": {
                "version": "1.0.0",
                "min_required": {
                  "value": 0,
                  "label": "OTHERS"
                },
                "min_desired": {
                  "value": 50,
                  "label": "EXTERNAL_SOURCE"
                },
                "ideal": {
                  "value": 100,
                  "label": "NETWORK_PLUGGED"
                },
                "max_desired": {
                  "value": 100,
                  "label": "NETWORK_PLUGGED"
                },
                "max_allowed": {
                  "value": 100,
                  "label": "NETWORK_PLUGGED"
                },
                "max_score": 3000,
                "conversion_matrix": {
                  "BATTERY": 60,
                  "DIESEL_GENERATOR": 40,
                  "NETWORK_PLUGGED": 100,
                  "SOLAR": 80,
                  "OTHER": 0
                }
            }
        },
        {
            "identifier": "device.powersupply.battery.status",
            "name": "Powersupply battery status",
            "unit": {
                "type": "basicSI",
                "label": "Volts",
                "symbol": "V"
            },
            "period": "INSTANT",
            "tags": [
                "dmm",
                "power",
                "battery",
                "voltage"
            ],
            "schema": {
				"$ref" : "og_basic_types.json#/definitions/batteryStatus"
            },
            "views":{
                "edit": [],
                "show": []
            },
            "icon": {
                "class": "fa fa-battery-full",
                "attributes": []
            }         
        },
        {
            "identifier": "device.powersupply.battery.charge",
            "name": "Powersupply battery charge",
            "unit": {
                "type": "basicSI",
                "label": "percentage",
                "symbol": "%"
            },
            "period": "INSTANT",
            "tags": [
                "dmm",
                "power",
                "percentage"
            ],
            "schema": { "$ref": "og_basic_types.json#/definitions/percentage" },
            "views":{
                "edit": [],
                "show": []
            },
            "icon": {
                "class": "fa fa-battery-full",
                "attributes": []
            },                    
            "qrating": {
                "version": "1.0.0",
                "min_required": {
                  "value": 0,
                  "label": "EMPTY"
                },
                "min_desired": {
                  "value": 50,
                  "label": "NORMAL"
                },
                "ideal": {
                  "value": 100,
                  "label": "FULL"
                },
                "max_desired": {
                  "value": 100,
                  "label": "FULL"
                },
                "max_allowed": {
                  "value": 100,
                  "label": "FULL"
                },
                "max_score": 3000
            }
        },
        {
            "identifier": "device.powersupply.battery.voltage",
            "name": "Powersupply battery voltage",
            "unit": {
                "type": "basicSI",
                "label": "milli Volts",
                "symbol": "mV"
            },
            "period": "INSTANT",
            "tags": [
                "dmm",
                "power",
                "battery",
                "status"
            ],
            "schema": {
                "type": "number"
            },
            "views":{
                "edit": [],
                "show": []
            },
            "icon": {
                "class": "fa fa-battery-full",
                "attributes": []
            }
        },
        {
            "identifier": "device.powersupply.battery.current",
            "name": "Powersupply battery",
            "unit": {
                "type": "basicSI",
                "label": "Amps",
                "symbol": "mA"
            },
            "period": "INSTANT",
            "tags": [
                "dmm",
                "power",
                "battery",
                "status"
            ],
            "schema": {
                "type": "number"
            },
            "views":{
                "edit": [],
                "show": []
            },
            "icon": {
                "class": "fa fa-battery-full",
                "attributes": []
            }
        },        
        {
            "identifier": "device.powersupply.outage",
            "name": "Powersupply outage",
            "unit": {
                "type": "basicSI",
                "label": "date",
                "symbol": ""
            },
            "period": "INSTANT",
            "tags": [
                "dmm",
                "power",
                "outage"
            ],
            "schema": { "$ref": "og_basic_types.json#/definitions/outage" },
            "views":{
                "edit": [],
                "show": []
            },
            "icon": {
                "class": "fa fa-plug",
                "attributes": []
            }
        }
	  ]
	},
    {
      "identifier": "deviceMemoryCollectedInfo",
      "datastreams": [
        {
            "identifier": "device.ram.usage",
            "name": "RAM usage",
            "unit": {
                "type": "basicSI",
                "label": "percentage",
                "symbol": "%"
            },
            "period": "INSTANT",
            "tags": [
                "dmm",
                "ram",
                "memory",
                "percentage"
            ],
            "schema": {"$ref": "og_basic_types.json#/definitions/percentage"},
            "views":{
                "edit": [],
                "show": []
            },
            "icon": {
                "class": "fa fa-microchip",
                "attributes": []
            },           
            "qrating": {
                "version": "1.0.0",
                "min_required": {
                  "value": 0,
                  "label": "FREE"
                },
                "min_desired": {
                  "value": 0,
                  "label": "FREE"
                },
                "ideal": {
                  "value": 5,
                  "label": "NORMAL"
                },
                "max_desired": {
                  "value": 70,
                  "label": "MEDIUM"
                },
                "max_allowed": {
                  "value": 100,
                  "label": "FULL"
                },
                "max_score": 1000
            }
        },
        {
            "identifier": "device.ram.total",
            "name": "RAM total",
            "unit": {
                "type": "basicSI",
                "label": "megabytes",
                "symbol": "MB"
            },
            "period": "INSTANT",
            "tags": [
                "dmm",
                "ram",
                "memory",
                "status"
            ],
            "schema": {
                "type": "number"
            },
            "views":{
                "edit": [],
                "show": []
            },
            "icon": {
                "class": "fa fa-microchip",
                "attributes": []
            }        
        }
      ]
    },
    {
      "identifier": "deviceRamDiskStorageCollectedInfo",
      "datastreams": [
        {
            "identifier": "device.storage.ramDisk.usage",
            "name": "RAM disk usage",
            "unit": {
                "type": "basicSI",
                "label": "percentage",
                "symbol": "%"
            },
            "period": "INSTANT",
            "tags": [
                "dmm",
                "ramDisk",
                "storage",
                "percentage"
            ],
            "schema": { "$ref": "og_basic_types.json#/definitions/percentage" },
            "views":{
                "edit": [],
                "show": []
            },
            "icon": {
                "class": "fa fa-floppy-o",
                "attributes": []
            },          
            "qrating": {
                "version": "1.0.0",
                "min_required": {
                  "value": 0,
                  "label": "FREE"
                },
                "min_desired": {
                  "value": 0,
                  "label": "FREE"
                },
                "ideal": {
                  "value": 5,
                  "label": "NORMAL"
                },
                "max_desired": {
                  "value": 70,
                  "label": "MEDIUM"
                },
                "max_allowed": {
                  "value": 100,
                  "label": "FULL"
                },
                "max_score": 1000
            }
        },
        {
            "identifier": "device.storage.ramDisk.total",
            "name": "RAM disk total",
            "unit": {
                "type": "basicSI",
                "label": "",
                "symbol": ""
            },
            "period": "INSTANT",
            "tags": [
                "dmm",
                "ramDisk",
                "storage",
                "total"
            ],
            "schema": {
                "type": "number"
            },
            "views":{
                "edit": [],
                "show": []
            },
            "icon": {
                "class": "fa fa-floppy-o",
                "attributes": []
            }          
        }
      ]
    },
    {
      "identifier": "deviceDiskStorageCollectedInfo",
      "datastreams": [
        {
            "identifier": "device.storage.disk.usage",
            "name": "Disk usage",
            "unit": {
                "type": "basicSI",
                "label": "percentage",
                "symbol": "%"
            },
            "period": "INSTANT",
            "tags": [
                "dmm",
                "disk",
                "storage"
            ],
            "schema": {
                "type": "number"
            },
            "views":{
                "edit": [],
                "show": []
            },
            "icon": {
                "class": "fa fa-floppy-o",
                "attributes": []
            },          
            "qrating": {
                "version": "1.0.0",
                "min_required": {
                  "value": 0,
                  "label": "FREE"
                },
                "min_desired": {
                  "value": 0,
                  "label": "FREE"
                },
                "ideal": {
                  "value": 5,
                  "label": "NORMAL"
                },
                "max_desired": {
                  "value": 70,
                  "label": "MEDIUM"
                },
                "max_allowed": {
                  "value": 100,
                  "label": "FULL"
                },
                "max_score": 1000
            }
        },
        {
            "identifier": "device.storage.disk.total",
            "name": "Disk total",
            "unit": {
                "type": "basicSI",
                "label": "megabytes",
                "symbol": "MB"
            },
            "period": "INSTANT",
            "tags": [
                "dmm",
                "disk",
                "total"
            ],
            "schema": {
                "type": "number"
            },
            "views":{
                "edit": [],
                "show": []
            },
            "icon": {
                "class": "fa fa-floppy-o",
                "attributes": []
            }         
        }
      ]
    },    
    {
        "identifier": "commsModuleCollectedInfo",
        "datastreams": [
			{
                "identifier": "device.communicationModules[].identifier",
                "name": "CM identifier",
                "unit": {
                    "type": "basicSI",
                    "label": "",
                    "symbol": ""
                },
                "period": "PULSE",
                "tags": [
                    "dmm",
                    "provision"
                ],
                "schema": {
                    "type": "string"
                },
                "storage": {
                    "period": "NEVER"
                },
	            "required":false,
	            "modifiable":false,
	            "indexed":true,
                "platformHints": {
                	"structured" : true,
                    "identifierField" : true,
                    "filter": {
                    	"allowExists": true
                    }
                }
            },
        	{
                "identifier": "device.communicationModules[].specificType",
                "name": "CM specific type",
                "unit": {
                    "type": "basicSI",
                    "label": "",
                    "symbol": ""
                },
                "period": "PULSE",
                "tags": [
                    "dmm",
                    "collection"
                ],
                "schema": { 
                    "$ref" : "og_basic_types.json#/definitions/commsModuleSpecificType"
                },
                "views":{
                    "edit": [],
                     "show": []
                },
                "storage": {
                    "period": "NEVER"
                },
                "platformHints": {
                    "summariable":true
                },
                "icon": {
                    "class": "fa fa-wpforms",
                    "attributes": []
                }          
            },
            {
                "identifier": "device.communicationModules[].name",
                "name": "CM name",
                "unit": {
                    "type": "basicSI",
                    "label": "",
                    "symbol": ""
                },
                "period": "PULSE",
                "tags": [
                    "dmm",
                    "collection"
                ],
                "schema": { 
                    "type" : "string"
                },
                "views":{
                    "edit": [],
                     "show": []
                },
                "storage": {
                    "period": "NEVER"
                },
                "icon": {
                    "class": "fa fa-info",
                    "attributes": []
                }          
            },
            {
                "identifier": "device.communicationModules[].description",
                "name": "CM description",
                "unit": {
                    "type": "basicSI",
                    "label": "",
                    "symbol": ""
                },
                "period": "PULSE",
                "tags": [
                    "dmm",
                    "collection"
                ],
                "schema": { 
                    "type" : "string"
                },
                "views":{
                    "edit": [],
                     "show": []
                },
                "storage": {
                    "period": "NEVER"
                },
                "icon": {
                    "class": "fa fa-info",
                    "attributes": []
                }          
            },
            {
                "identifier": "device.communicationModules[].serialNumber",
                "name": "CM serial number",
                "unit": {
                    "type": "basicSI",
                    "label": "",
                    "symbol": ""
                },
                "period": "PULSE",
                "tags": [
                    "dmm",
                    "collection"
                ],
                "schema": { 
                    "type" : "string"
                },
                "views":{
                    "edit": [],
                     "show": []
                },
                "storage": {
                    "period": "NEVER"
                },
                "icon": {
                    "class": "fa fa-id-card",
                    "attributes": []
                }          
            },            
			{
                "identifier": "device.communicationModules[].model",
                "name": "CM model",
                "unit": {
                    "type": "basicSI",
                    "label": "",
                    "symbol": ""
                },
                "period": "PULSE",
                "tags": [
                    "dmm",
                    "collection"
                ],
                "schema": { "$ref": "og_basic_types.json#/definitions/model" },
                "views":{
                    "edit": [],
                     "show": []
                },
                "storage": {
                    "period": "NEVER"
                },
                "platformHints": {
                    "structured":true,
                    "summariable":true
                },
                "icon": {
                    "class": "fa fa-copyright",
                    "attributes": []
                }         
            },
            {
                "identifier": "device.communicationModules[].operationalStatus",
                "name": "CM operational status",
                "unit": {
                    "type": "basicSI",
                    "label": "",
                    "symbol": ""
                },
                "period": "PULSE",
                "tags": [
                    "dmm",
                    "status"
                ],
                "schema": { "$ref": "og_basic_types.json#/definitions/commsModuleOperationalStatus" },
                "views":{
                    "edit": [],
                     "show": []
                },
                "platformHints": {
                    "summariable":true
                },
                "icon": {
                    "class": "fa fa-check-square-o",
                    "attributes": []
                },          
                "qrating": {
                    "version": "1.0.0",
                    "min_required": {
                      "value": -100,
                      "label": "ERROR"
                    },
                    "min_desired": {
                      "value": -50,
                      "label": "REGULAR"
                    },
                    "ideal": {
                      "value": 0,
                      "label": "RUNNING"
                    },
                    "max_desired": {
                      "value": 50,
                      "label": "STOPPING"
                    },
                    "max_allowed": {
                      "value": 100,
                      "label": "STOPPED"
                    },
                    "max_score": 1000,
                    "conversion_matrix": {
                      "STOPPED": 100,
                      "STOPPING": 50,
                      "STARTING": 25,
                      "RUNNING": 0,
                      "DISABLED": -75,
                      "ERROR": -100
                    }
                }
            },
            {
                "identifier": "device.communicationModules[].software",
                "name": "CM software",
                "unit": {
                    "type": "basicSI",
                    "label": "",
                    "symbol": ""
                },
                "period": "PULSE",
                "tags": [
                    "dmm",
                    "collection"
                ],
                "schema": { "$ref": "og_basic_types.json#/definitions/software" },
                "views":{
                    "edit": [],
                     "show": []
                },
                "storage": {
                    "period": "NEVER"
                },
                "platformHints" : {
                	"structured" : true,
                	"summariable": true
                },
                "icon": {
                    "class": "fa fa-cog",
                    "attributes": []
                }
            },
            {
                "identifier": "device.communicationModules[].mobile.imei",
                "name": "CM IMEI",
                "unit": {
                    "type": "basicSI",
                    "label": "",
                    "symbol": ""
                },
                "period": "PULSE",
                "tags": [
                    "dmm",
                    "collection"
                ],
                "schema": { 
                    "type" : "string"
                },
                "views":{
                    "edit": [],
                     "show": []
                },
                "storage": {
                    "period": "NEVER"
                },
                "icon": {
                    "class": "fa fa-address-card-o",
                    "attributes": []
                },
                "indexed":true,
                "platformHints": {
                	"structured" : true,
                    "filter": {
                        "allowExists": true
                    }
                }                
            }			
        ]
    },
    {
        "identifier": "commsModuleRadioCollectedInfo",
        "datastreams": [
            {
                "identifier": "device.communicationModules[].mobile.frequencyBand",
                "name": "CM frequency band",
                "unit": {
                    "type": "basicSI",
                    "label": "Hz",
                    "symbol": "Hz"
                },
                "period": "PULSE",
                "tags": [
                    "dmm",
                    "status"
                ],
                "schema": {
                    "type": "number"
                },
                "views":{
                    "edit": [],
                    "show": []
                },
                "icon": {
                    "class": "fa fa-barcode",
                    "attributes": []
                }
            },
            {
                "identifier": "device.communicationModules[].mobile.antenna.status",
                "name": "CM antenna status",
                "unit": {
                    "type": "basicSI",
                    "label": "",
                    "symbol": ""
                },
                "period": "PULSE",
                "tags": [
                    "dmm",
                    "status"
                ],
                "schema": { "$ref" : "og_basic_types.json#/definitions/antennaStatus" },
                "views":{
                    "edit": [],
                    "show": []
                },
                "icon": {
                    "class": "fa fa-podcast",
                    "attributes": []
                },           
                "qrating": {
                    "version": "1.0.0",
                    "min_required": {
                      "value": 0,
                      "label": "UNKNOWN/SHORT_CIRCUIT"
                    },
                    "min_desired": {
                      "value": 50,
                      "label": "OPEN"
                    },
                    "ideal": {
                      "value": 100,
                      "label": "OK"
                    },
                    "max_desired": {
                      "value": 100,
                      "label": "OK"
                    },
                    "max_allowed": {
                      "value": 100,
                      "label": "OK"
                    },
                    "max_score": 1000,
                    "conversion_matrix": {
                      "OK": 100,
                      "OPEN": 50,
                      "SHORT_CIRCUIT": 10,
                      "UNKNOWN": 0
                    }
                }
            }
        ]
    },
    {
        "identifier": "deviceCountersInfo",
        "datastreams": [
            {
                "identifier": "device.counters.presence.accountingStartLastDay",
                "name": "Accounting start last day counter",
                "unit": {
                    "type": "basicSI",
                    "label": "bytes",
                    "symbol": ""
                },
                "period": "CUMULATIVE",
                "tags": [
                    "dmm",
                    "counters"
                ],
                "schema": {
                    "type": "number"
                },
                "storage": {
                    "period": "NEVER"
                },
                "views":{
                    "edit": [],
                    "show": []
                },
                "icon": {
                    "class": "fa fa-long-arrow-up",
                    "attributes": []
                }          
            },
            {
                "identifier": "device.counters.totalBytesLastDay",
                "name": "Total used bytes last day counter",
                "unit": {
                    "type": "basicSI",
                    "label": "bytes",
                    "symbol": ""
                },
                "period": "CUMULATIVE",
                "tags": [
                    "dmm",
                    "counters"
                ],
                "schema": {
                    "type": "number"
                },
                "storage": {
                    "period": "NEVER"
                },
                "views":{
                    "edit": [],
                    "show": []
                },
                "icon": {
                    "class": "fa fa-long-arrow-down",
                    "attributes": []
                }           
            },
            {
                "identifier": "device.counters.totalBytesLastMonth",
                "name": "Total used bytes last month counter",
                "unit": {
                    "type": "basicSI",
                    "label": "bytes",
                    "symbol": ""
                },
                "period": "CUMULATIVE",
                "tags": [
                    "dmm",
                    "counters"
                ],
                "schema": {
                    "type": "number"
                },
                "storage": {
                    "period": "NEVER"
                },
                "views":{
                    "edit": [],
                    "show": []
                },
                "icon": {
                    "class": "fa fa-long-arrow-down",
                    "attributes": []
                }           
            },
            {
                "identifier": "device.counters.sentBytesLastDay",
                "name": "Total sent bytes last day counter",
                "unit": {
                    "type": "basicSI",
                    "label": "bytes",
                    "symbol": ""
                },
                "period": "CUMULATIVE",
                "tags": [
                    "dmm",
                    "counters"
                ],
                "schema": {
                    "type": "number"
                },
                "storage": {
                    "period": "NEVER"
                },
                "views":{
                    "edit": [],
                    "show": []
                },
                "icon": {
                    "class": "fa fa-long-arrow-down",
                    "attributes": []
                }           
            },
            {
                "identifier": "device.counters.sentBytesLastMonth",
                "name": "Total sent bytes last month counter",
                "unit": {
                    "type": "basicSI",
                    "label": "bytes",
                    "symbol": ""
                },
                "period": "CUMULATIVE",
                "tags": [
                    "dmm",
                    "counters"
                ],
                "schema": {
                    "type": "number"
                },
                "storage": {
                    "period": "NEVER"
                },
                "views":{
                    "edit": [],
                    "show": []
                },
                "icon": {
                    "class": "fa fa-long-arrow-down",
                    "attributes": []
                }           
            },
            {
                "identifier": "device.counters.receivedBytesLastDay",
                "name": "Total received bytes last day counter",
                "unit": {
                    "type": "basicSI",
                    "label": "bytes",
                    "symbol": ""
                },
                "period": "CUMULATIVE",
                "tags": [
                    "dmm",
                    "counters"
                ],
                "schema": {
                    "type": "number"
                },
                "storage": {
                    "period": "NEVER"
                },
                "views":{
                    "edit": [],
                    "show": []
                },
                "icon": {
                    "class": "fa fa-long-arrow-down",
                    "attributes": []
                }           
            },
            {
                "identifier": "device.counters.receivedBytesLastMonth",
                "name": "Total received bytes last month counter",
                "unit": {
                    "type": "basicSI",
                    "label": "bytes",
                    "symbol": ""
                },
                "period": "CUMULATIVE",
                "tags": [
                    "dmm",
                    "counters"
                ],
                "schema": {
                    "type": "number"
                },
                "storage": {
                    "period": "NEVER"
                },
                "views":{
                    "edit": [],
                    "show": []
                },
                "icon": {
                    "class": "fa fa-long-arrow-down",
                    "attributes": []
                }           
            },
            {
                "identifier": "device.counters.presence.pingOKLastDay",
                "name": "Total ping ok operations last day counter",
                "unit": {
                    "type": "basicSI",
                    "label": "bytes",
                    "symbol": ""
                },
                "period": "CUMULATIVE",
                "tags": [
                    "dmm",
                    "counters"
                ],
                "schema": {
                    "type": "number"
                },
                "storage": {
                    "period": "NEVER"
                },
                "views":{
                    "edit": [],
                    "show": []
                },
                "icon": {
                    "class": "fa fa-long-arrow-down",
                    "attributes": []
                }           
            },
            {
                "identifier": "device.counters.presence.pingNOKLastDay",
                "name": "Total ping nok operations last day counter",
                "unit": {
                    "type": "basicSI",
                    "label": "bytes",
                    "symbol": ""
                },
                "period": "CUMULATIVE",
                "tags": [
                    "dmm",
                    "counters"
                ],
                "schema": {
                    "type": "number"
                },
                "storage": {
                    "period": "NEVER"
                },
                "views":{
                    "edit": [],
                    "show": []
                },
                "icon": {
                    "class": "fa fa-long-arrow-down",
                    "attributes": []
                }           
            },
            {
                "identifier": "device.counters.availabilityLastDay",
                "name": "Percentage ping ok operations last day counter",
                "unit": {
                    "type": "basicSI",
                    "label": "bytes",
                    "symbol": ""
                },
                "period": "CUMULATIVE",
                "tags": [
                    "dmm",
                    "counters"
                ],
                "schema": {
                    "type": "number"
                },
                "storage": {
                    "period": "NEVER"
                },
                "views":{
                    "edit": [],
                    "show": []
                },
                "icon": {
                    "class": "fa fa-long-arrow-down",
                    "attributes": []
                }           
            },
            {
                "identifier": "device.counters.presence.consecutivePingNOK",
                "name": "Total consecutive ping nok operations per month counter",
                "unit": {
                    "type": "basicSI",
                    "label": "bytes",
                    "symbol": ""
                },
                "period": "CUMULATIVE",
                "tags": [
                    "dmm",
                    "counters"
                ],
                "schema": {
                    "type": "number"
                },
                "storage": {
                    "period": "NEVER"
                },
                "views":{
                    "edit": [],
                    "show": []
                },
                "icon": {
                    "class": "fa fa-long-arrow-down",
                    "attributes": []
                }           
            }
        ]
     },
    {
      "identifier": "deviceIdentificationUndeterminedInfo",
      "datastreams": [
          {
              "identifier": "device.identification.unknown",
              "name": "Identification unknown",
              "unit": {
                  "type": "basicSI",
                  "label": "",
                  "symbol": ""
              },
              "period": "PULSE",
              "tags": [
                  "device",
                  "identification",
                  "unknown"
              ],
              "schema": {
                "$ref": "og_basic_types.json#/definitions/text"
              },
              "views":{
                  "edit": [],
                  "show": []
              }
          },
          {
              "identifier": "device.identification.conflict",
              "name": "Identification conflict",
              "unit": {
                  "type": "basicSI",
                  "label": "",
                  "symbol": ""
              },
              "period": "PULSE",
              "tags": [
                  "device",
                  "identification",
                  "conflict"
              ],
              "schema": {
                "$ref": "og_basic_types.json#/definitions/text"
              },
              "views":{
                  "edit": [],
                  "show": []
              }
          }
      ]
    }
  ]
}
