{
  "identifier": "provisionGenericIdentifier",
  "name": "provisionGenericIdentifier",
  "version": "8.0.2.0",
  "description": "Define part of generic provision structure (identifier)",
  "allowedResourceTypes": [
    "entity.asset",
    "entity.device",
    "entity.subscriber",
    "entity.subscription",
    "ticket",
    "organization",
    "channel"
  ],
  "categories": [
    {
      "identifier": "provisionAdministrationIdentifier",
      "datastreams": [
        {
          "identifier": "provision.administration.identifier",
          "name": "Prov. Identifier",
          "unit": {
            "type": "basicSI",
            "label": "",
            "symbol": ""
          },
          "period": "PULSE",
          "tags": [
            "ticket",
            "dmm",
            "provision"
          ],
          "schema": {
            "$ref": "og_basic_types.json#/definitions/ogIdentifier"
          },
          "storage": {
            "period": "NEVER"
          },
          "required": true,
          "modifiable": false,
          "indexed":true,
          "platformHints": {
            "structured": true,
            "identifierField": true
          }
        }
      ]
    }
  ]
}