{
  "identifier": "provisionGeneric",
  "name": "provisionGeneric",
  "version": "8.0.2.0",
  "description": "Define part of generic provision structure (serviceGroup, plan, defaultFeed)",
  "allowedResourceTypes": [
    "entity.asset",
    "entity.device",
    "entity.subscriber",
    "entity.subscription"
  ],
  "categories": [
    {
      "identifier": "provisionAdministrationFields",
      "datastreams": [
        {
          "identifier": "provision.administration.serviceGroup",
          "name": "Service group",
          "unit": {
            "type": "basicSI",
            "label": "",
            "symbol": ""
          },
          "period": "PULSE",
          "tags": [
            "dmm",
            "provision"
          ],
          "schema": {
            "type": "string"
          },
          "storage": {
            "period": "NEVER"
          },
          "required": true,
          "modifiable": true,
          "platformHints": {
            "structured": true,
            "summariable": true
          }
        },
        {
          "identifier": "provision.administration.plan",
          "name": "Plan",
          "unit": {
            "type": "basicSI",
            "label": "",
            "symbol": ""
          },
          "period": "PULSE",
          "tags": [
            "dmm",
            "provision"
          ],
          "schema": {
            "type": "string"
          },
          "storage": {
            "period": "NEVER"
          },
          "required": false,
          "modifiable": true,
          "platformHints": {
            "structured": true,
            "summariable": true
          }
        },
        {
          "identifier": "provision.administration.defaultFeed",
          "name": "Default feed",
          "unit": {
            "type": "basicSI",
            "label": "",
            "symbol": ""
          },
          "period": "PULSE",
          "tags": [
            "dmm",
            "provision"
          ],
          "schema": {
            "type": "string"
          },
          "storage": {
            "period": "NEVER"
          },
          "required": false,
          "modifiable": true,
          "platformHints": {
            "structured": true
          }
        }
      ]
    }
  ]
}