{
  "identifier": "collectionOrganization",
  "name": "collectionOrganization",
  "version": "8.0.2.0",
  "description": "Specific Datamodel to collected organization info",
  "allowedResourceTypes": [
    "organization"
  ],
  "categories": [
    {
      "identifier": "organizationCollectedInfo",
      "datastreams": [
        {
          "identifier": "organization.identifier",
          "name": "Identifier",
          "unit": {
            "type": "basicSI",
            "label": "",
            "symbol": ""
          },
          "period": "PULSE",
          "tags": [
            "organization"
          ],
          "schema": {
            "$ref": "og_basic_types.json#/definitions/ogIdentifier"
          },
          "storage": {
            "period": "NEVER"
          },
          "required": false,
          "modifiable": false,
          "platformHints": {
            "structured": true,
            "identifierField": true,
            "filter": {
            	"allowExists": true
            }
          }
        }
      ]
    }
  ]
}