{
  "identifier": "provisionOrganization",
  "name": "provisionOrganization",
  "version": "8.0.1.0",
  "description": "Specific Datamodel to provision an organization",
  "allowedResourceTypes": [
    "organization"
  ],
  "categories": [
    {
      "identifier": "organizationProvisionedInfo",
      "datastreams": [
        {
          "identifier": "provision.organization.identifier",
          "name": "Prov. Identifier",
          "unit": {
            "type": "basicSI",
            "label": "",
            "symbol": ""
          },
          "period": "PULSE",
          "tags": [
            "organization"
          ],
          "schema": {
            "$ref": "og_basic_types.json#/definitions/ogIdentifier"
          },
          "storage": {
            "period": "NEVER"
          },
          "required": false,
          "modifiable": false,
          "platformHints": {
            "structured": true,
            "identifierField": true,
            "filter": {
              "allowExists": true
            }
          }
        },
        {
          "identifier": "provision.organization.description",
          "name": "Prov. Description",
          "unit": {
            "type": "basicSI",
            "label": "",
            "symbol": ""
          },
          "period": "PULSE",
          "tags": [
            "organization"
          ],
          "schema": {
            "type": "string"
          },
          "storage": {
            "period": "NEVER"
          },
          "views": {
            "edit": [],
            "show": []
          },
          "required": false,
          "modifiable": true
        },
        {
          "identifier": "provision.organization.countryCode",
          "name": "Prov. Country code",
          "unit": {
            "type": "basicSI",
            "label": "",
            "symbol": ""
          },
          "period": "PULSE",
          "tags": [
            "organization"
          ],
          "schema": {
            "type": "string"
          },
          "storage": {
            "period": "NEVER"
          },
          "views": {
            "edit": [],
            "show": []
          },
          "required": true,
          "modifiable": true,
          "platformHints": {
            "summariable": true
          }
        },
        {
          "identifier": "provision.organization.langCode",
          "name": "Prov. Lang code",
          "unit": {
            "type": "basicSI",
            "label": "",
            "symbol": ""
          },
          "period": "PULSE",
          "tags": [
            "organization"
          ],
          "schema": {
            "type": "string"
          },
          "storage": {
            "period": "NEVER"
          },
          "required": true,
          "modifiable": true,
          "platformHints": {
            "summariable": true
          }
        },
        {
          "identifier": "provision.organization.timezone",
          "name": "Prov. Timezone",
          "unit": {
            "type": "basicSI",
            "label": "",
            "symbol": ""
          },
          "period": "PULSE",
          "tags": [
            "organization"
          ],
          "storage": {
            "period": "NEVER"
          },
          "schema": {
            "$ref": "og_basic_types.json#/definitions/timezone"
          },
          "required": false,
          "modifiable": true,
          "platformHints": {
            "summariable": true
          }
        },
        {
          "identifier": "provision.organization.domain",
          "name": "Prov. Domain",
          "unit": {
            "type": "basicSI",
            "label": "",
            "symbol": ""
          },
          "period": "PULSE",
          "tags": [
            "organization"
          ],
          "schema": {
            "type": "string"
          },
          "required": false,
          "modifiable": true,
          "platformHints": {
            "summariable": true
          }
        },
        {
          "identifier": "provision.organization.mapDefault",
          "name": "Map",
          "unit": {
            "type": "basicSI",
            "label": "",
            "symbol": ""
          },
          "period": "PULSE",
          "tags": [
            "organization"
          ],
          "schema": {
            "$ref": "og_basic_types.json#/definitions/location"
          },
          "storage": {
            "period": "NEVER"
          },
          "required": false,
          "modifiable": true
        },
        {
          "identifier": "provision.organization.plan",
          "name": "Prov. Plan",
          "unit": {
            "type": "basicSI",
            "label": "",
            "symbol": ""
          },
          "period": "PULSE",
          "tags": [
            "organization"
          ],
          "schema": {
            "type": "string"
          },
          "storage": {
            "period": "NEVER"
          },
          "required": false,
          "modifiable": true,
          "platformHints": {
            "filter": {
              "allowExists": true
            },
            "summariable": true
          }
        },
        {
          "identifier": "provision.organization.onlyAssignedDomainCertificates",
          "name": "Prov. Assigned certificates",
          "unit": {
            "type": "basicSI",
            "label": "",
            "symbol": ""
          },
          "period": "PULSE",
          "tags": [
            "organization"
          ],
          "schema": {
            "type": "boolean"
          },
          "required": false,
          "modifiable": true
        }
      ]
    }
  ]
}