{
  "ruleTemplate": {
    "mode": "ADVANCED",
    "name": "activityForbiddenDatastream",
    "description": "Activity detected for an entity with administrative state disabled",
    "type": {
      "name": "DATASTREAM"
    },
    "active": false,
    "javascript": "var validAdministrativeStates = [\"ACTIVE\", \"TESTING\"],sourcesWithActivity = [\"DEVICE_TELNET\", \"DEVICE_FTP\", \"DEVICE_SNMP_TRAP\", \"DEVICE_SNMP_GET\", \"ROUTER_TELNET\", \"OPERATOR_RADIUS\"];if (isActivityForbidden(validAdministrativeStates)) {closeAlarmByAlarmName(null, \"activityForbidden\");openAlarm(null, \"activityForbidden\", \"activityForbidden\", \"INFORMATIVE\", \"LOW\", \"Activity detected for an entity with administrative state disabled\");}function isActivityForbidden(administrativeState) {var resourceType = entity.resourceType ? entity.resourceType._value._current.value : null,i = null;if (resourceType === 'entity.device') {administrativeState = entity['provision.device.administrativeState'] ? entity['provision.device.administrativeState']._value._current.value : null;} else if (resourceType === 'entity.asset') {administrativeState = entity['provision.asset.administrativeState'] ? entity['provision.asset.administrativeState']._value._current.value : null;} else if (resourceType === 'entity.subscriber') {administrativeState = entity['provision.device.communicationModules[].subscriber.administrativeState'] ? entity['provision.device.communicationModules[].subscriber.administrativeState'][0]._value._current.value : null;} else if (resourceType === 'entity.subscription') {administrativeState = entity['provision.device.communicationModules[].subscription.administrativeState'] ? entity['provision.device.communicationModules[].subscription.administrativeState'][0]._value._current.value : null;}if (administrativeState && !isIncludedValue(validAdministrativeStates, administrativeState)) {for (key in entity) {if (key.startsWith(\"device\")) {if (key.indexOf(\"[]\") != -1) {for (index in entity[key])if (entity[key][index]._value._received && entity[key][index]._value._current.source && isIncludedValue(sourcesWithActivity, entity[key][index]._value._current.source)) {return true;}} else {if (entity[key]._value._received && entity[key]._value._current.source && isIncludedValue(sourcesWithActivity, entity[key]._value._current.source)) {return true;}}}}}return false;}function isIncludedValue(validValues, currentValue) {for (item in validValues)if (validValues[item] === currentValue) {return true;}return false;}"
  }
}