{
  "ruleTemplate": {
    "mode": "ADVANCED",
    "name": "activityForbiddenOperation",
    "description": "Activity detected for an entity with administrative state disabled",
    "type": {
      "name": "OPERATION",
      "operationName": "REFRESH_PRESENCE"
    },
    "active": false,
    "javascript": "var validAdministrativeStates = [\"ACTIVE\", \"TESTING\"],operationsWithActivity = [\"REFRESH_PRESENCE\"];if (isActivityForbidden(validAdministrativeStates)) {closeAlarmByAlarmName(null, \"activityForbidden\");openAlarm(null, \"activityForbidden\", \"activityForbidden\", \"INFORMATIVE\", \"LOW\", \"Activity detected for an entity with administrative state disabled\");}function isActivityForbidden(validAdministrativeStates) {var resourceType = entity.resourceType ? entity.resourceType._value._current.value : null,administrativeState = null;if (resourceType === 'entity.device') {administrativeState = entity['provision.device.administrativeState'] ? entity['provision.device.administrativeState']._value._current.value : null;} else if (resourceType === 'entity.asset') {administrativeState = entity['provision.asset.administrativeState'] ? entity['provision.asset.administrativeState']._value._current.value : null;} else if (resourceType === 'entity.subscriber') { administrativeState = entity['provision.device.communicationModules[].subscriber.administrativeState'] ? entity['provision.device.communicationModules[].subscriber.administrativeState'][0]._value._current.value : null; } else if (resourceType === 'entity.subscription') { administrativeState = entity['provision.device.communicationModules[].subscription.administrativeState'] ? entity['provision.device.communicationModules[].subscription.administrativeState'][0]._value._current.value : null; }if (administrativeState && !isIncludedValue(validAdministrativeStates, administrativeState)) {if (entity[\"operation.name\"] && isIncludedValue(operationsWithActivity, entity[\"operation.name\"]._value)) {if (entity[\"operation.error\"]._value) {return false;}return true;}}return false;}function isIncludedValue(validValues, currentValue) {for (item in validValues)if (validValues[item] === currentValue) { return true; } return false;}"
  }
}