{
  "ruleTemplate": {
    "mode": "ADVANCED",
    "name": "areaOutputWithParameter",
    "description": "Checks if an entity has exitted of a geofence",
    "type": {
      "name": "DATASTREAM",
      "datastreams": [
        {
          "name": "entity.location",
          "prefilter": true
        }
      ]
    },
    "active": false,
    "parameters": [
      {
        "name": "datastream_location_name",
        "value": "entity.location",
        "schema": "string"
      },
      {
        "name": "datastream_name",
        "value": "",
        "schema": "string"
      },
      {
        "name": "area",
        "value": "Zone3",
        "schema": "string"
      },
      {
        "name": "datastream_value",
        "value": "",
        "schema": "string"
      },
      {
        "name": "notification_description",
        "value": "Checks if an entity has exitted of a geofence",
        "schema": "string"
      },
      {
        "name": "notification_severity",
        "value": "URGENT",
        "schema": "string"
      },
      {
        "name": "notification_priority",
        "value": "MEDIUM",
        "schema": "string"
      },
      {
        "name": "snmp_recipients",
        "value": "",
        "schema": "string"
      },
      {
        "name": "email_recipients",
        "value": "",
        "schema": "string"
      },
      {
        "name": "rule_to_close",
        "value": "areaInputWithParameter",
        "schema": "string"
      }
    ],
    "javascript": "var locationData = entity[getVariableValue(parameterObject['datastream_location_name'])];\nvar areaParameter = getVariableValue(parameterObject['area']);\nif (locationData._value._received) {\n    var areas = getAreas(locationData._value._current.value.position.coordinates);\n    var extraParameter = getVariableValue(parameterObject['datastream_name']);\n    var result = false;\n    if (locationData._value._previous) {\n        var areasPrev = getAreas(locationData._value._previous.value.position.coordinates);\n        result = JSON.stringify(areasPrev).indexOf(areaParameter) !== -1 && JSON.stringify(areas).indexOf(areaParameter) === -1;\n        if (extraParameter !== '') {\n            var data = entity[extraParameter];\n            if (data._value._current) {\n                result = result && data._value._current.value === getVariableValue(parameterObject['datastream_value']);\n            } else {\n                result = false;\n            }\n        }\n    } else {\n        result = false;\n    }\n} else {\n    result = false;\n}\n\nif (result) {\n\n    var notificationDescription = getVariableValue(parameterObject['notification_description']);\n    var notificationSeverity = getVariableValue(parameterObject['notification_severity']);\n    var notificationPriority = getVariableValue(parameterObject['notification_priority']);\n    var snmp_recipients = getVariableValue(parameterObject['snmp_recipients']);\n    var email_recipients = getVariableValue(parameterObject['email_recipients']);\n\n    if (snmp_recipients.length > 0) {\n\n        var identifier = entity['provision.device.identifier'] ? entity['provision.device.identifier']._value._current.value : entity['provision.asset.identifier']._value._current.value;\n\n        var trapVariables = {\n            '1.1.1': entity['provision.administration.organization']._value._current.value,\n            '1.1.2': entity['provision.administration.channel']._value._current.value,\n            '1.1.3': identifier,\n            '1.1.4': entity['provision.administration.serviceGroup']._value._current.value,\n            '1.9.1': '' + ruleName + '',\n            '1.9.2': 'areaOutputWithParameter',\n            '1.9.3': '' + notificationDescription + '',\n            '1.9.4': '' + notificationPriority + '',\n            '1.9.5': '' + notificationSeverity + '',\n            '1.9.6': new Date().toISOString(),\n            '1.9.14': 'entity.location',\n            '1.9.15': areaParameter\n        };\n        var recipients = snmp_recipients.split(',');\n        addTrapNotification(recipients, trapVariables, 'areaOutputWithParameter', '1.100.4', '1.3.6.1.4.1.32784', ruleName);\n    }\n\n    if (email_recipients.length > 0) {\n        var mailParameters = {};\n        var mailBody = notificationDescription;\n        var recipients = email_recipients.split(',');\n        addEmailNotification(recipients, ruleName, mailBody, ruleName, mailParameters);\n    }\n\n    closeAlarmByAlarmName(null, getVariableValue(parameterObject['rule_to_close']));\n    openAlarm(null, ruleName, ruleName, notificationSeverity, notificationPriority, notificationDescription);\n}"
  }
}