{
  "ruleTemplate": {
    "name": "batteryThreshold",
    "mode": "EASY",
    "description": "Current value of datastream has an unusual value",
    "type": {
      "name": "DATASTREAM",
      "datastreams": [
        {
          "name": "device.powersupply.battery.charge",
          "fields": [
            {
              "field": "value",
              "alias": "battery current and previous value"
            }
          ],
          "prefilter": true
        }
      ]
    },
    "condition": {
      "filter": {
        "and": [
          {
            "lte": {
              "device.powersupply.battery.charge._current.value": "$parameter:threshold"
            }
          },
          {
            "or":[
              {
                "gt": {
                  "device.powersupply.battery.charge._previous.value": "$parameter:threshold"
                }
              },
              {
                "eq": {
                  "device.powersupply.battery.charge._previous": null
                }
              }
            ]
          }
        ]
      }
    },
    "parameters": [
      {
        "name": "threshold",
        "value": 5,
        "schema": "integer"
      }
    ],
    "actionsDelay": 18000,
    "actions": {
      "open": [
        {
          "enabled": false,
          "name": "batteryChargeCurrentValueThreshold",
          "severity": "URGENT",
          "priority": "MEDIUM",
          "description": "Current value of datastream has an unusual value"
        }
      ]
    },
    "active": false
  }
}