{
  "ruleTemplate": {
    "name": "cancelBatteryThreshold",
    "mode": "EASY",
    "description": "Current value of datastream has is returned to usual value",
    "type": {
      "name": "DATASTREAM",
      "datastreams": [
        {
          "name": "device.powersupply.battery.charge",
          "fields": [
            {
              "field": "value",
              "alias": "battery current and previous value"
            }
          ],
          "prefilter": true
        }
      ]
    },
    "condition": {
      "filter": {
        "and": [
          {
            "gt": {
              "device.powersupply.battery.charge._current.value": "$parameter:threshold"
            }
          },
          {
            "lte": {
              "device.powersupply.battery.charge._previous.value": "$parameter:threshold"
            }
          }
        ]
      }
    },
    "parameters": [
      {
        "name": "threshold",
        "value": 5,
        "schema": "integer"
      }
    ],
    "actions": {
      "close": [
        {
          "enabled": false,
          "ruleToClose": "batteryThreshold"
        }
      ],
      "cancelDelay": [
        {
          "name": "batteryThreshold"
        }
      ]
    },
    "active": false
  }
}