{
  "ruleTemplate": {
    "mode": "ADVANCED",
    "name": "changeCommsModuleOperationalStatusByOkPing",
    "description": "Put selected operational status to communication module if OK Ping received",
    "type": {
      "name": "DATASTREAM",
      "datastreams": [
        {
          "name": "device.communicationModules[].subscription.presence.ip",
          "prefilter": true
        }
      ]
    },
    "parameters": [
      {
        "name": "operational_status",
        "value": "RUNNING",
        "schema": "string"
      }
    ],
    "active": false,
    "javascript": "var ipList = entity[\"device.communicationModules[].subscription.presence.ip\"];\nif (ipList) {\n  var commsValues = {};\n  var values = {};\n  var activeCollect = false;\n  ipList.forEach(function(data, index) {\n    if (data._value && data._value._received && \"DEVICE_PING\" === data._value._current.source && \"OK\" === data._value._current.value && data._value._previous && (\"OK\" !== data._value._previous.value || \"DEVICE_PING\" !== data._value._previous.source)) {\n      var operationalStatusDatastream = \"device.communicationModules[].operationalStatus\";\n      var commsIdentifier;\n      var currentOperationalStatus;\n      if (data._index.value && data._index.value._current) {\n        commsIdentifier = data._index.value._current.value;\n        currentOperationalStatus = entity[operationalStatusDatastream] ? entity[operationalStatusDatastream][index] : null;\n      }\n      if (commsIdentifier && currentOperationalStatus && currentOperationalStatus._value._current.value !== getVariableValue(parameterObject[\"operational_status\"])) {\n        if (!commsValues[operationalStatusDatastream]) {\n          commsValues[operationalStatusDatastream] = {};\n        } \n        commsValues[operationalStatusDatastream][commsIdentifier] = getVariableValue(parameterObject[\"operational_status\"]);\n        activeCollect = true;\n      }\n    }\n    if (activeCollect) {\n      collectDatastreams(values, commsValues);\n    }\n  });\n}"
  }
}