{
  "ruleTemplate": {
    "mode": "ADVANCED",
    "name": "collectAreas",
    "description": "Calculate entity.area datastream (and its derivatives) based on entity.location datastream",
    "type": {
      "name": "DATASTREAM",
      "datastreams": [
        {
          "name": "entity.location",
          "prefilter": true
        }
      ]
    },
    "parameters": [
      {
        "name": "datastream_area_name",
        "value": "entity.areas",
        "schema": "string"
      },
      {
        "name": "datastream_location_name",
        "value": "entity.location",
        "schema": "string"
      }
    ],
    "javascript": "var locationData = entity[getVariableValue(parameterObject['datastream_location_name'])];\nvar resourceType = entity.resourceType._value._current.value;\nif (resourceType && resourceType === 'entity.device' && locationData._value._received && locationData._value._current) {\n    var commsValues = {};\n    var values = {};\n    var areasCurrent = getSortedAreas(locationData._value._current.value.position.coordinates, true);\n    values[getVariableValue(parameterObject['datastream_area_name'])] = JSON.parse(areasCurrent);\n    collectDatastreams(values, commsValues,false);\n}",
    "active": false
  }
}