{
  "ruleTemplate": {
    "mode": "EASY",
    "name": "mobileICCValueChanged",
    "description": "Compare current with previous values of one datastream",
    "type": {
      "name": "DATASTREAM",
      "datastreams": [
        {
          "name": "device.communicationModules[].subscriber.mobile.icc",
          "fields": [
            {
              "field": "value",
              "alias": "mobile icc current and previous value"
            }
          ],
          "prefilter": true
        }
      ]
    },
    "active": false,
    "condition": {
      "filter": {
        "and": [
          {
            "neq": {
              "device.communicationModules[].subscriber.mobile.icc._current.value": "$datastream:device.communicationModules[].subscriber.mobile.icc._previous.value"
            }
          }
        ]
      }
    },
    "actions": {
      "open": [
        {
          "enabled": false,
          "name": "mobileICCValueChanged",
          "severity": "INFORMATIVE",
          "priority": "MEDIUM",
          "description": "Compare current with previous values of one datastream",
          "subEntityDatastreamId": "$datastream: provision.device.communicationModules[].subscriber.mobile.icc._current.value"
        }
      ],
      "close": [
        {
          "enabled": false,
          "ruleToClose": "mobileICCValueChanged",
          "subEntityDatastreamId": "$datastream: provision.device.communicationModules[].subscriber.mobile.icc._current.value"
        }
      ]
    }
  }
}