{
  "ruleTemplate": {
    "name": "presenceUnreachableAllInterfaces",
    "description": "Current value of datastream has an unusual value with margen temporal or no",
    "mode": "ADVANCED",
    "type": {
      "name": "DATASTREAM",
      "datastreams": [
        {
          "name": "device.communicationModules[].subscription.presence.unifiedPresence",
          "fields": [
            {
              "field": "._current.value"
            }
          ],
          "prefilter": true
        }
      ]
    },
    "active": true,
    "parameters": [
      {
        "name": "datastream_name",
        "value": "device.communicationModules[].subscription.presence.unifiedPresence",
        "schema": "string"
      },
      {
        "name": "notification_description",
        "value": "Presence unreachable",
        "schema": "string"
      },
      {
        "name": "notification_severity",
        "value": "CRITICAL",
        "schema": "string"
      },
      {
        "name": "notification_priority",
        "value": "HIGH",
        "schema": "string"
      },
      {
        "name": "threshold",
        "value": "IP",
        "schema": "string"
      },
      {
        "name": "extra_threshold",
        "value": "GPRS",
        "schema": "string"
      },
      {
        "name": "collect_datastream_to",
        "value": "presenciaTotal",
        "schema": "string"
      }
    ],
    "javascript": "var unifiedPresenceList = entity[getVariableValue(parameterObject['datastream_name'])];\nvar presenciaTotal = entity['presenciaTotal'];\n\nvar lostUnifiedPresence = true;\nvar hasReceived = false;\nvar values = {};\nvar commsValues = {};\n\n\nif (unifiedPresenceList && (presenciaTotal == undefined || presenciaTotal._value._received == undefined)) {\n    unifiedPresenceList.forEach(function(data, index) {\n        lostUnifiedPresence &= data._value._current.value !== getVariableValue(parameterObject['threshold']) && data._value._current.value !== getVariableValue(parameterObject['extra_threshold']);\n        hasReceived |= data._value._received != undefined;\n    });\n    if (lostUnifiedPresence && hasReceived) {\n\n\t\tvar notificationDescription = getVariableValue(parameterObject['notification_description']);\n\t\tvar notificationSeverity = getVariableValue(parameterObject['notification_severity']);\n\t    var notificationPriority = getVariableValue(parameterObject['notification_priority']);\n\n        openAlarm(null, ruleName, ruleName, notificationSeverity, notificationPriority, notificationDescription);\n        values[getVariableValue(parameterObject['collect_datastream_to'])] = false;\n        collectDatastreams(values, commsValues);\n    }\n}"
  }
}