{
  "ruleTemplate": {
    "mode": "EASY",
    "name": "receivedBanned",
    "description": "Received data for a banned entity",
    "type": {
      "name": "DATASTREAM",
      "datastreams": [
        {
          "name": "provision.device.administrativeState",
          "fields": [
            {
              "field": "._current.value"
            }
          ],
          "prefilter": false
        }
      ]
    },
    "condition": {
      "filter": {
        "and": [
          {
            "eq": {
              "provision.device.administrativeState._current.value": "BANNED"
            }
          }
        ]
      }
    },
    "active": false,
    "actions": {
      "open": [
        {
          "enabled": false,
          "name": "receivedBanned",
          "severity": "URGENT",
          "priority": "MEDIUM",
          "description": "Received data for a banned entity"
        }
      ],
      "close": [
        {
          "enabled": false,
          "ruleToClose": "receivedBanned"
        }
      ]
    }
  }
}