{
  "ruleTemplate": {
    "name": "securityConfigMismatch",
    "mode": "EASY",
    "description": "Security error validate, device validation failedSecurity error validate, device validation failed",
    "type": {
      "name": "EVENT",
      "eventName": "securityConfigMismatch"
    },
    "condition": {
      "filter": {
        "and": [
          {
            "eq": {
              "event.name": "securityConfigMismatch"
            }
          }
        ]
      }
    },
    "actions": {
      "open": [
        {
          "enabled": false,
          "name": "securityConfigMismatch",
          "severity": "URGENT",
          "priority": "MEDIUM",
          "description": "Security error validate, device validation failedSecurity error validate, device validation failed"
        }
      ],
      "close": [
        {
          "enabled": false,
          "ruleToClose": "securityConfigMismatch"
        }
      ]
    },
    "active": false
  }
}