{
    "type": "object",
    "properties": {
        "identifier": {
            "type": "string"
        },
        "name": {
            "type": "string",
            "pattern" : "^[a-zA-Z0-9]+$"
        },
        "description": {
            "type": "string"
        },
        "order": {
            "type": "integer"
        },
        "geometry": {
	     	"$ref" : "Geometry.json/#"
        },
        "entities": {
        	"type": "array",
            "items": {
                 "type": "string"
            }
        }
    },
    "required" : ["geometry","name"],
    "additionalProperties":false,
    "definitions": {
        "geometryCollection": {
            "title": "GeometryCollection",
            "description": "A collection of geometry objects",
            "required": [ "geometries" ],
            "properties": {
                "type": { "enum": [ "GeometryCollection" ] },
                "geometries": {
                    "type": "array",
                    "items": { "$ref": "Geometry.json/#" }
                }
            }
        },
        "feature": {
            "title": "Feature",
            "description": "A Geo JSON feature object",
            "required": [ "geometry", "properties" ],
            "properties": {
                "type": { "enum": [ "Feature" ] },
                "geometry": { "$ref": "Geometry.json/#" },
                "id": { 
                	"type": "string"
 				}
            }
        },
        "featureCollection": {
            "title": "FeatureCollection",
            "description": "A Geo JSON feature collection",
            "required": [ "features" ],
            "properties": {
                "type": { "enum": [ "FeatureCollection" ] },
                "features": {
                    "type": "array",
                    "items": { "$ref": "#/definitions/feature" }
                }
            }
        }
}
}
